protocol_id,protocol_name,protocol_status,suite_ids,role,status,candidate,candidate_basis,selection_review,blocker,evaluation_ids,result_ids,dataset_ids,source_ids,source_locator,context_source_ids,execution_scope,resource_estimate
"acquired-protocol-024f47659eb7e75f56dc","BEELINE 2020 Figure 5 · mESC · {""reference_network"":""Cell-type specific ChIP-Seq"",""gene_selection"":""TFs+500""}","discovered","[""discovery-benchmark-beeline""]","null","selection_required","Seeded random network with matched node universe and density","editorial_selection_rule","not_reviewed","Protocol-specific applicability, permitted inputs, access, split, evaluator and execution requirements need review before implementation or execution.","[]","[]","[""acquired-dataset-5da9375e8c9626efb795""]","[]","","[""acquired-source-31344fb7e5e8ae6b9666""]","",""
"acquired-protocol-024f47659eb7e75f56dc","BEELINE 2020 Figure 5 · mESC · {""reference_network"":""Cell-type specific ChIP-Seq"",""gene_selection"":""TFs+500""}","discovered","[""discovery-benchmark-beeline""]","conventional","selection_required","Upstream statistical network inference reference","editorial_selection_rule","not_reviewed","Protocol-specific applicability, permitted inputs, access, split, evaluator and execution requirements need review before implementation or execution.","[]","[]","[""acquired-dataset-5da9375e8c9626efb795""]","[]","","[""acquired-source-31344fb7e5e8ae6b9666""]","",""
"acquired-protocol-06a6cc45005b6e951779","FLIP2 NucB two-to-many; held-out test set · NucB","discovered","[""discovery-benchmark-flip2""]","null","selection_required","Training-set mean where supervised fitting is permitted","editorial_selection_rule","not_reviewed","Protocol-specific applicability, permitted inputs, access, split, evaluator and execution requirements need review before implementation or execution.","[]","[]","[""acquired-dataset-2f980908f00254c21222""]","[]","","[""evidence-expansion-flip2-d0e61ca2""]","",""
"acquired-protocol-06a6cc45005b6e951779","FLIP2 NucB two-to-many; held-out test set · NucB","discovered","[""discovery-benchmark-flip2""]","conventional","selection_required","Simple features with train-only ridge regression","editorial_selection_rule","not_reviewed","Protocol-specific applicability, permitted inputs, access, split, evaluator and execution requirements need review before implementation or execution.","[]","[]","[""acquired-dataset-2f980908f00254c21222""]","[]","","[""evidence-expansion-flip2-d0e61ca2""]","",""
"acquired-protocol-07f31785d85b3d526033","FLIP2 hydro to-P01053; held-out test set · hydro","discovered","[""discovery-benchmark-flip2""]","null","selection_required","Training-set mean where supervised fitting is permitted","editorial_selection_rule","not_reviewed","Protocol-specific applicability, permitted inputs, access, split, evaluator and execution requirements need review before implementation or execution.","[]","[]","[""acquired-dataset-ecef09ad02eca7267357""]","[]","","[""evidence-expansion-flip2-d0e61ca2""]","",""
"acquired-protocol-07f31785d85b3d526033","FLIP2 hydro to-P01053; held-out test set · hydro","discovered","[""discovery-benchmark-flip2""]","conventional","selection_required","Simple features with train-only ridge regression","editorial_selection_rule","not_reviewed","Protocol-specific applicability, permitted inputs, access, split, evaluator and execution requirements need review before implementation or execution.","[]","[]","[""acquired-dataset-ecef09ad02eca7267357""]","[]","","[""evidence-expansion-flip2-d0e61ca2""]","",""
"acquired-protocol-0841c618c0a89fa56f63","CAFA3 MFO all organisms; type1 no-knowledge; mode1 · CAFA3 final benchmark; MFO; all; type1; mode1","discovered","[""discovery-benchmark-cafa""]","null","selection_required","Training-set class prior where supervised fitting is permitted","editorial_selection_rule","not_reviewed","Protocol-specific applicability, permitted inputs, access, split, evaluator and execution requirements need review before implementation or execution.","[]","[]","[""acquired-dataset-078c90286a22c07a3582""]","[]","","[""acquired-source-7470044466b466152cf1""]","",""
"acquired-protocol-0841c618c0a89fa56f63","CAFA3 MFO all organisms; type1 no-knowledge; mode1 · CAFA3 final benchmark; MFO; all; type1; mode1","discovered","[""discovery-benchmark-cafa""]","conventional","selection_required","Regularised classifier on simple permitted features, or protocol's conventional reference","editorial_selection_rule","not_reviewed","Protocol-specific applicability, permitted inputs, access, split, evaluator and execution requirements need review before implementation or execution.","[]","[]","[""acquired-dataset-078c90286a22c07a3582""]","[]","","[""acquired-source-7470044466b466152cf1""]","",""
"acquired-protocol-1227fd691dca8a3aa41d","BEELINE 2020 Figure 5 · mDC · {""reference_network"":""Non-specific ChIP-Seq"",""gene_selection"":""TFs+1000""}","discovered","[""discovery-benchmark-beeline""]","null","selection_required","Seeded random network with matched node universe and density","editorial_selection_rule","not_reviewed","Protocol-specific applicability, permitted inputs, access, split, evaluator and execution requirements need review before implementation or execution.","[]","[]","[""acquired-dataset-f123a29ec27fb4121b9b""]","[]","","[""acquired-source-31344fb7e5e8ae6b9666""]","",""
"acquired-protocol-1227fd691dca8a3aa41d","BEELINE 2020 Figure 5 · mDC · {""reference_network"":""Non-specific ChIP-Seq"",""gene_selection"":""TFs+1000""}","discovered","[""discovery-benchmark-beeline""]","conventional","selection_required","Upstream statistical network inference reference","editorial_selection_rule","not_reviewed","Protocol-specific applicability, permitted inputs, access, split, evaluator and execution requirements need review before implementation or execution.","[]","[]","[""acquired-dataset-f123a29ec27fb4121b9b""]","[]","","[""acquired-source-31344fb7e5e8ae6b9666""]","",""
"acquired-protocol-127e215c861a6b462f4d","Paper-specific Plinder-L95 stereochemistry assessment; Table 1 all entries · Plinder-L95 · co-folding","discovered","[""discovery-benchmark-plinder""]","null","selection_required","Protocol-specific valid geometric or structural control","editorial_selection_rule","not_reviewed","Protocol-specific applicability, permitted inputs, access, split, evaluator and execution requirements need review before implementation or execution.","[]","[]","[""acquired-dataset-500bdf8d9750fb032041""]","[]","","[""boltz-stereochemistry-2025""]","",""
"acquired-protocol-127e215c861a6b462f4d","Paper-specific Plinder-L95 stereochemistry assessment; Table 1 all entries · Plinder-L95 · co-folding","discovered","[""discovery-benchmark-plinder""]","conventional","selection_required","Upstream conventional structural reference with matched templates and cutoffs","editorial_selection_rule","not_reviewed","Protocol-specific applicability, permitted inputs, access, split, evaluator and execution requirements need review before implementation or execution.","[]","[]","[""acquired-dataset-500bdf8d9750fb032041""]","[]","","[""boltz-stereochemistry-2025""]","",""
"acquired-protocol-174f1a5acdc3c13db7b2","BEELINE 2020 Figure 5 · mESC · {""reference_network"":""log/gof"",""gene_selection"":""TFs+500""}","discovered","[""discovery-benchmark-beeline""]","null","selection_required","Seeded random network with matched node universe and density","editorial_selection_rule","not_reviewed","Protocol-specific applicability, permitted inputs, access, split, evaluator and execution requirements need review before implementation or execution.","[]","[]","[""acquired-dataset-5da9375e8c9626efb795""]","[]","","[""acquired-source-31344fb7e5e8ae6b9666""]","",""
"acquired-protocol-174f1a5acdc3c13db7b2","BEELINE 2020 Figure 5 · mESC · {""reference_network"":""log/gof"",""gene_selection"":""TFs+500""}","discovered","[""discovery-benchmark-beeline""]","conventional","selection_required","Upstream statistical network inference reference","editorial_selection_rule","not_reviewed","Protocol-specific applicability, permitted inputs, access, split, evaluator and execution requirements need review before implementation or execution.","[]","[]","[""acquired-dataset-5da9375e8c9626efb795""]","[]","","[""acquired-source-31344fb7e5e8ae6b9666""]","",""
"acquired-protocol-18da78ff7de51ffb5605","BEELINE 2020 Figure 2 · LI · {}","discovered","[""discovery-benchmark-beeline""]","null","selection_required","Seeded random network with matched node universe and density","editorial_selection_rule","not_reviewed","Protocol-specific applicability, permitted inputs, access, split, evaluator and execution requirements need review before implementation or execution.","[]","[]","[""acquired-dataset-e5fc907663fc0b2c1cd9""]","[]","","[""acquired-source-0f6c059ffdc338b70a5c""]","",""
"acquired-protocol-18da78ff7de51ffb5605","BEELINE 2020 Figure 2 · LI · {}","discovered","[""discovery-benchmark-beeline""]","conventional","selection_required","Upstream statistical network inference reference","editorial_selection_rule","not_reviewed","Protocol-specific applicability, permitted inputs, access, split, evaluator and execution requirements need review before implementation or execution.","[]","[]","[""acquired-dataset-e5fc907663fc0b2c1cd9""]","[]","","[""acquired-source-0f6c059ffdc338b70a5c""]","",""
"acquired-protocol-19f8c76e99a986094a6f","BEELINE 2020 Figure 2 · TF · {}","discovered","[""discovery-benchmark-beeline""]","null","selection_required","Seeded random network with matched node universe and density","editorial_selection_rule","not_reviewed","Protocol-specific applicability, permitted inputs, access, split, evaluator and execution requirements need review before implementation or execution.","[]","[]","[""acquired-dataset-52841d9a4fb051470230""]","[]","","[""acquired-source-0f6c059ffdc338b70a5c""]","",""
"acquired-protocol-19f8c76e99a986094a6f","BEELINE 2020 Figure 2 · TF · {}","discovered","[""discovery-benchmark-beeline""]","conventional","selection_required","Upstream statistical network inference reference","editorial_selection_rule","not_reviewed","Protocol-specific applicability, permitted inputs, access, split, evaluator and execution requirements need review before implementation or execution.","[]","[]","[""acquired-dataset-52841d9a4fb051470230""]","[]","","[""acquired-source-0f6c059ffdc338b70a5c""]","",""
"acquired-protocol-1b09d04bdd84c0554bd1","BEELINE 2020 Figure 2 · CY · {}","discovered","[""discovery-benchmark-beeline""]","null","selection_required","Seeded random network with matched node universe and density","editorial_selection_rule","not_reviewed","Protocol-specific applicability, permitted inputs, access, split, evaluator and execution requirements need review before implementation or execution.","[]","[]","[""acquired-dataset-b08e0891e8da19eed07a""]","[]","","[""acquired-source-0f6c059ffdc338b70a5c""]","",""
"acquired-protocol-1b09d04bdd84c0554bd1","BEELINE 2020 Figure 2 · CY · {}","discovered","[""discovery-benchmark-beeline""]","conventional","selection_required","Upstream statistical network inference reference","editorial_selection_rule","not_reviewed","Protocol-specific applicability, permitted inputs, access, split, evaluator and execution requirements need review before implementation or execution.","[]","[]","[""acquired-dataset-b08e0891e8da19eed07a""]","[]","","[""acquired-source-0f6c059ffdc338b70a5c""]","",""
"acquired-protocol-25210daa0dccd840d2fb","BEELINE 2020 Figure 4 · GSD · {}","discovered","[""discovery-benchmark-beeline""]","null","selection_required","Seeded random network with matched node universe and density","editorial_selection_rule","not_reviewed","Protocol-specific applicability, permitted inputs, access, split, evaluator and execution requirements need review before implementation or execution.","[]","[]","[""acquired-dataset-8f5136850c1e5540ec38""]","[]","","[""acquired-source-3156602fda847ae943b4""]","",""
"acquired-protocol-25210daa0dccd840d2fb","BEELINE 2020 Figure 4 · GSD · {}","discovered","[""discovery-benchmark-beeline""]","conventional","selection_required","Upstream statistical network inference reference","editorial_selection_rule","not_reviewed","Protocol-specific applicability, permitted inputs, access, split, evaluator and execution requirements need review before implementation or execution.","[]","[]","[""acquired-dataset-8f5136850c1e5540ec38""]","[]","","[""acquired-source-3156602fda847ae943b4""]","",""
"acquired-protocol-287b8fe8904985b6e420","CAPRI round 61 predictor; submitted model 1; T312.1 · CAPRI round 61 T312.1","discovered","[""discovery-benchmark-capri""]","null","selection_required","Protocol-specific valid geometric or structural control","editorial_selection_rule","not_reviewed","Protocol-specific applicability, permitted inputs, access, split, evaluator and execution requirements need review before implementation or execution.","[]","[]","[""acquired-dataset-b7d38df73c5d2931815b""]","[]","","[""acquired-source-a1e1af10cf13322916ca""]","",""
"acquired-protocol-287b8fe8904985b6e420","CAPRI round 61 predictor; submitted model 1; T312.1 · CAPRI round 61 T312.1","discovered","[""discovery-benchmark-capri""]","conventional","selection_required","Upstream conventional structural reference with matched templates and cutoffs","editorial_selection_rule","not_reviewed","Protocol-specific applicability, permitted inputs, access, split, evaluator and execution requirements need review before implementation or execution.","[]","[]","[""acquired-dataset-b7d38df73c5d2931815b""]","[]","","[""acquired-source-a1e1af10cf13322916ca""]","",""
"acquired-protocol-2a25c278d301f1b27a06","FLIP2 hydro low-to-high; held-out test set · hydro","discovered","[""discovery-benchmark-flip2""]","null","selection_required","Training-set mean where supervised fitting is permitted","editorial_selection_rule","not_reviewed","Protocol-specific applicability, permitted inputs, access, split, evaluator and execution requirements need review before implementation or execution.","[]","[]","[""acquired-dataset-ecef09ad02eca7267357""]","[]","","[""evidence-expansion-flip2-d0e61ca2""]","",""
"acquired-protocol-2a25c278d301f1b27a06","FLIP2 hydro low-to-high; held-out test set · hydro","discovered","[""discovery-benchmark-flip2""]","conventional","selection_required","Simple features with train-only ridge regression","editorial_selection_rule","not_reviewed","Protocol-specific applicability, permitted inputs, access, split, evaluator and execution requirements need review before implementation or execution.","[]","[]","[""acquired-dataset-ecef09ad02eca7267357""]","[]","","[""evidence-expansion-flip2-d0e61ca2""]","",""
"acquired-protocol-2a8b0faaeabb2b42f8fb","BEELINE 2020 Figure 5 · hHep · {""reference_network"":""STRING"",""gene_selection"":""TFs+1000""}","discovered","[""discovery-benchmark-beeline""]","null","selection_required","Seeded random network with matched node universe and density","editorial_selection_rule","not_reviewed","Protocol-specific applicability, permitted inputs, access, split, evaluator and execution requirements need review before implementation or execution.","[]","[]","[""acquired-dataset-505358fce8593f7e41e4""]","[]","","[""acquired-source-31344fb7e5e8ae6b9666""]","",""
"acquired-protocol-2a8b0faaeabb2b42f8fb","BEELINE 2020 Figure 5 · hHep · {""reference_network"":""STRING"",""gene_selection"":""TFs+1000""}","discovered","[""discovery-benchmark-beeline""]","conventional","selection_required","Upstream statistical network inference reference","editorial_selection_rule","not_reviewed","Protocol-specific applicability, permitted inputs, access, split, evaluator and execution requirements need review before implementation or execution.","[]","[]","[""acquired-dataset-505358fce8593f7e41e4""]","[]","","[""acquired-source-31344fb7e5e8ae6b9666""]","",""
"acquired-protocol-30ca92be5250d3347718","BEELINE 2020 Figure 5 · hESC · {""reference_network"":""Cell-type specific ChIP-Seq"",""gene_selection"":""TFs+1000""}","discovered","[""discovery-benchmark-beeline""]","null","selection_required","Seeded random network with matched node universe and density","editorial_selection_rule","not_reviewed","Protocol-specific applicability, permitted inputs, access, split, evaluator and execution requirements need review before implementation or execution.","[]","[]","[""acquired-dataset-65ec1a2e5ff66c7e38c6""]","[]","","[""acquired-source-31344fb7e5e8ae6b9666""]","",""
"acquired-protocol-30ca92be5250d3347718","BEELINE 2020 Figure 5 · hESC · {""reference_network"":""Cell-type specific ChIP-Seq"",""gene_selection"":""TFs+1000""}","discovered","[""discovery-benchmark-beeline""]","conventional","selection_required","Upstream statistical network inference reference","editorial_selection_rule","not_reviewed","Protocol-specific applicability, permitted inputs, access, split, evaluator and execution requirements need review before implementation or execution.","[]","[]","[""acquired-dataset-65ec1a2e5ff66c7e38c6""]","[]","","[""acquired-source-31344fb7e5e8ae6b9666""]","",""
"acquired-protocol-34109c3e92506dce8489","BEELINE 2020 Figure 5 · hHep · {""reference_network"":""Cell-type specific ChIP-Seq"",""gene_selection"":""TFs+500""}","discovered","[""discovery-benchmark-beeline""]","null","selection_required","Seeded random network with matched node universe and density","editorial_selection_rule","not_reviewed","Protocol-specific applicability, permitted inputs, access, split, evaluator and execution requirements need review before implementation or execution.","[]","[]","[""acquired-dataset-505358fce8593f7e41e4""]","[]","","[""acquired-source-31344fb7e5e8ae6b9666""]","",""
"acquired-protocol-34109c3e92506dce8489","BEELINE 2020 Figure 5 · hHep · {""reference_network"":""Cell-type specific ChIP-Seq"",""gene_selection"":""TFs+500""}","discovered","[""discovery-benchmark-beeline""]","conventional","selection_required","Upstream statistical network inference reference","editorial_selection_rule","not_reviewed","Protocol-specific applicability, permitted inputs, access, split, evaluator and execution requirements need review before implementation or execution.","[]","[]","[""acquired-dataset-505358fce8593f7e41e4""]","[]","","[""acquired-source-31344fb7e5e8ae6b9666""]","",""
"acquired-protocol-37b5599b7d976211e8c1","BEELINE 2020 Figure 4 · VSC · {}","discovered","[""discovery-benchmark-beeline""]","null","selection_required","Seeded random network with matched node universe and density","editorial_selection_rule","not_reviewed","Protocol-specific applicability, permitted inputs, access, split, evaluator and execution requirements need review before implementation or execution.","[]","[]","[""acquired-dataset-caf90389169ff966e573""]","[]","","[""acquired-source-3156602fda847ae943b4""]","",""
"acquired-protocol-37b5599b7d976211e8c1","BEELINE 2020 Figure 4 · VSC · {}","discovered","[""discovery-benchmark-beeline""]","conventional","selection_required","Upstream statistical network inference reference","editorial_selection_rule","not_reviewed","Protocol-specific applicability, permitted inputs, access, split, evaluator and execution requirements need review before implementation or execution.","[]","[]","[""acquired-dataset-caf90389169ff966e573""]","[]","","[""acquired-source-3156602fda847ae943b4""]","",""
"acquired-protocol-3c4df1f88f28c01a7508","BEELINE 2020 Figure 5 · mDC · {""reference_network"":""Non-specific ChIP-Seq"",""gene_selection"":""TFs+500""}","discovered","[""discovery-benchmark-beeline""]","null","selection_required","Seeded random network with matched node universe and density","editorial_selection_rule","not_reviewed","Protocol-specific applicability, permitted inputs, access, split, evaluator and execution requirements need review before implementation or execution.","[]","[]","[""acquired-dataset-f123a29ec27fb4121b9b""]","[]","","[""acquired-source-31344fb7e5e8ae6b9666""]","",""
"acquired-protocol-3c4df1f88f28c01a7508","BEELINE 2020 Figure 5 · mDC · {""reference_network"":""Non-specific ChIP-Seq"",""gene_selection"":""TFs+500""}","discovered","[""discovery-benchmark-beeline""]","conventional","selection_required","Upstream statistical network inference reference","editorial_selection_rule","not_reviewed","Protocol-specific applicability, permitted inputs, access, split, evaluator and execution requirements need review before implementation or execution.","[]","[]","[""acquired-dataset-f123a29ec27fb4121b9b""]","[]","","[""acquired-source-31344fb7e5e8ae6b9666""]","",""
"acquired-protocol-3f6fa62242423922b5f2","scIB official RNA metrics export · pancreas","discovered","[""discovery-benchmark-scib""]","null","selection_required","Unintegrated representation using protocol preprocessing","editorial_selection_rule","not_reviewed","Protocol-specific applicability, permitted inputs, access, split, evaluator and execution requirements need review before implementation or execution.","[]","[]","[""acquired-dataset-846290e341debcdcb243""]","[]","","[""acquired-source-5eabf9f83e79b736479d""]","",""
"acquired-protocol-3f6fa62242423922b5f2","scIB official RNA metrics export · pancreas","discovered","[""discovery-benchmark-scib""]","conventional","selection_required","Protocol-specific conventional integration method","editorial_selection_rule","not_reviewed","Protocol-specific applicability, permitted inputs, access, split, evaluator and execution requirements need review before implementation or execution.","[]","[]","[""acquired-dataset-846290e341debcdcb243""]","[]","","[""acquired-source-5eabf9f83e79b736479d""]","",""
"acquired-protocol-408cb9c598ef659f51a6","BEELINE 2020 Figure 5 · MHSC-GM · {""reference_network"":""Cell-type specific ChIP-Seq"",""gene_selection"":""TFs+1000""}","discovered","[""discovery-benchmark-beeline""]","null","selection_required","Seeded random network with matched node universe and density","editorial_selection_rule","not_reviewed","Protocol-specific applicability, permitted inputs, access, split, evaluator and execution requirements need review before implementation or execution.","[]","[]","[""acquired-dataset-b77b1bfaec68191715de""]","[]","","[""acquired-source-31344fb7e5e8ae6b9666""]","",""
"acquired-protocol-408cb9c598ef659f51a6","BEELINE 2020 Figure 5 · MHSC-GM · {""reference_network"":""Cell-type specific ChIP-Seq"",""gene_selection"":""TFs+1000""}","discovered","[""discovery-benchmark-beeline""]","conventional","selection_required","Upstream statistical network inference reference","editorial_selection_rule","not_reviewed","Protocol-specific applicability, permitted inputs, access, split, evaluator and execution requirements need review before implementation or execution.","[]","[]","[""acquired-dataset-b77b1bfaec68191715de""]","[]","","[""acquired-source-31344fb7e5e8ae6b9666""]","",""
"acquired-protocol-40d273a00b4110007da3","FLIP2 TrpB one-to-many; held-out test set · TrpB","discovered","[""discovery-benchmark-flip2""]","null","selection_required","Training-set mean where supervised fitting is permitted","editorial_selection_rule","not_reviewed","Protocol-specific applicability, permitted inputs, access, split, evaluator and execution requirements need review before implementation or execution.","[]","[]","[""acquired-dataset-80c2f9413c0c60d9b53d""]","[]","","[""evidence-expansion-flip2-d0e61ca2""]","",""
"acquired-protocol-40d273a00b4110007da3","FLIP2 TrpB one-to-many; held-out test set · TrpB","discovered","[""discovery-benchmark-flip2""]","conventional","selection_required","Simple features with train-only ridge regression","editorial_selection_rule","not_reviewed","Protocol-specific applicability, permitted inputs, access, split, evaluator and execution requirements need review before implementation or execution.","[]","[]","[""acquired-dataset-80c2f9413c0c60d9b53d""]","[]","","[""evidence-expansion-flip2-d0e61ca2""]","",""
"acquired-protocol-4178cb595371e239c8fd","BEELINE 2020 Figure 5 · hHep · {""reference_network"":""Cell-type specific ChIP-Seq"",""gene_selection"":""TFs+1000""}","discovered","[""discovery-benchmark-beeline""]","null","selection_required","Seeded random network with matched node universe and density","editorial_selection_rule","not_reviewed","Protocol-specific applicability, permitted inputs, access, split, evaluator and execution requirements need review before implementation or execution.","[]","[]","[""acquired-dataset-505358fce8593f7e41e4""]","[]","","[""acquired-source-31344fb7e5e8ae6b9666""]","",""
"acquired-protocol-4178cb595371e239c8fd","BEELINE 2020 Figure 5 · hHep · {""reference_network"":""Cell-type specific ChIP-Seq"",""gene_selection"":""TFs+1000""}","discovered","[""discovery-benchmark-beeline""]","conventional","selection_required","Upstream statistical network inference reference","editorial_selection_rule","not_reviewed","Protocol-specific applicability, permitted inputs, access, split, evaluator and execution requirements need review before implementation or execution.","[]","[]","[""acquired-dataset-505358fce8593f7e41e4""]","[]","","[""acquired-source-31344fb7e5e8ae6b9666""]","",""
"acquired-protocol-467d2c2551a1f523408b","FLIP2 Amylase far-to-close; held-out test set · Amylase","discovered","[""discovery-benchmark-flip2""]","null","selection_required","Training-set mean where supervised fitting is permitted","editorial_selection_rule","not_reviewed","Protocol-specific applicability, permitted inputs, access, split, evaluator and execution requirements need review before implementation or execution.","[]","[]","[""acquired-dataset-b0b4eca267c04e159e7c""]","[]","","[""evidence-expansion-flip2-d0e61ca2""]","",""
"acquired-protocol-467d2c2551a1f523408b","FLIP2 Amylase far-to-close; held-out test set · Amylase","discovered","[""discovery-benchmark-flip2""]","conventional","selection_required","Simple features with train-only ridge regression","editorial_selection_rule","not_reviewed","Protocol-specific applicability, permitted inputs, access, split, evaluator and execution requirements need review before implementation or execution.","[]","[]","[""acquired-dataset-b0b4eca267c04e159e7c""]","[]","","[""evidence-expansion-flip2-d0e61ca2""]","",""
"acquired-protocol-4745597f348c3ff0e85a","BEELINE 2020 Figure 5 · mDC · {""reference_network"":""Cell-type specific ChIP-Seq"",""gene_selection"":""TFs+500""}","discovered","[""discovery-benchmark-beeline""]","null","selection_required","Seeded random network with matched node universe and density","editorial_selection_rule","not_reviewed","Protocol-specific applicability, permitted inputs, access, split, evaluator and execution requirements need review before implementation or execution.","[]","[]","[""acquired-dataset-f123a29ec27fb4121b9b""]","[]","","[""acquired-source-31344fb7e5e8ae6b9666""]","",""
"acquired-protocol-4745597f348c3ff0e85a","BEELINE 2020 Figure 5 · mDC · {""reference_network"":""Cell-type specific ChIP-Seq"",""gene_selection"":""TFs+500""}","discovered","[""discovery-benchmark-beeline""]","conventional","selection_required","Upstream statistical network inference reference","editorial_selection_rule","not_reviewed","Protocol-specific applicability, permitted inputs, access, split, evaluator and execution requirements need review before implementation or execution.","[]","[]","[""acquired-dataset-f123a29ec27fb4121b9b""]","[]","","[""acquired-source-31344fb7e5e8ae6b9666""]","",""
"acquired-protocol-4c2b9e709bc390708ebd","FLIP2 TrpB two-to-many; held-out test set · TrpB","discovered","[""discovery-benchmark-flip2""]","null","selection_required","Training-set mean where supervised fitting is permitted","editorial_selection_rule","not_reviewed","Protocol-specific applicability, permitted inputs, access, split, evaluator and execution requirements need review before implementation or execution.","[]","[]","[""acquired-dataset-80c2f9413c0c60d9b53d""]","[]","","[""evidence-expansion-flip2-d0e61ca2""]","",""
"acquired-protocol-4c2b9e709bc390708ebd","FLIP2 TrpB two-to-many; held-out test set · TrpB","discovered","[""discovery-benchmark-flip2""]","conventional","selection_required","Simple features with train-only ridge regression","editorial_selection_rule","not_reviewed","Protocol-specific applicability, permitted inputs, access, split, evaluator and execution requirements need review before implementation or execution.","[]","[]","[""acquired-dataset-80c2f9413c0c60d9b53d""]","[]","","[""evidence-expansion-flip2-d0e61ca2""]","",""
"acquired-protocol-51354be75f1492ed099a","BEELINE 2020 Figure 5 · mHSC-E · {""reference_network"":""Non-specific ChIP-Seq"",""gene_selection"":""TFs+500""}","discovered","[""discovery-benchmark-beeline""]","null","selection_required","Seeded random network with matched node universe and density","editorial_selection_rule","not_reviewed","Protocol-specific applicability, permitted inputs, access, split, evaluator and execution requirements need review before implementation or execution.","[]","[]","[""acquired-dataset-209f69705e52fadef590""]","[]","","[""acquired-source-31344fb7e5e8ae6b9666""]","",""
"acquired-protocol-51354be75f1492ed099a","BEELINE 2020 Figure 5 · mHSC-E · {""reference_network"":""Non-specific ChIP-Seq"",""gene_selection"":""TFs+500""}","discovered","[""discovery-benchmark-beeline""]","conventional","selection_required","Upstream statistical network inference reference","editorial_selection_rule","not_reviewed","Protocol-specific applicability, permitted inputs, access, split, evaluator and execution requirements need review before implementation or execution.","[]","[]","[""acquired-dataset-209f69705e52fadef590""]","[]","","[""acquired-source-31344fb7e5e8ae6b9666""]","",""
"acquired-protocol-56154db2cb24cf00a2e4","FLIP2 hydro three-to-many; held-out test set · hydro","discovered","[""discovery-benchmark-flip2""]","null","selection_required","Training-set mean where supervised fitting is permitted","editorial_selection_rule","not_reviewed","Protocol-specific applicability, permitted inputs, access, split, evaluator and execution requirements need review before implementation or execution.","[]","[]","[""acquired-dataset-ecef09ad02eca7267357""]","[]","","[""evidence-expansion-flip2-d0e61ca2""]","",""
"acquired-protocol-56154db2cb24cf00a2e4","FLIP2 hydro three-to-many; held-out test set · hydro","discovered","[""discovery-benchmark-flip2""]","conventional","selection_required","Simple features with train-only ridge regression","editorial_selection_rule","not_reviewed","Protocol-specific applicability, permitted inputs, access, split, evaluator and execution requirements need review before implementation or execution.","[]","[]","[""acquired-dataset-ecef09ad02eca7267357""]","[]","","[""evidence-expansion-flip2-d0e61ca2""]","",""
"acquired-protocol-562a238b609a61077d81","BEELINE 2020 Figure 2 · BFC · {}","discovered","[""discovery-benchmark-beeline""]","null","selection_required","Seeded random network with matched node universe and density","editorial_selection_rule","not_reviewed","Protocol-specific applicability, permitted inputs, access, split, evaluator and execution requirements need review before implementation or execution.","[]","[]","[""acquired-dataset-03bede40fb43bb3fe678""]","[]","","[""acquired-source-0f6c059ffdc338b70a5c""]","",""
"acquired-protocol-562a238b609a61077d81","BEELINE 2020 Figure 2 · BFC · {}","discovered","[""discovery-benchmark-beeline""]","conventional","selection_required","Upstream statistical network inference reference","editorial_selection_rule","not_reviewed","Protocol-specific applicability, permitted inputs, access, split, evaluator and execution requirements need review before implementation or execution.","[]","[]","[""acquired-dataset-03bede40fb43bb3fe678""]","[]","","[""acquired-source-0f6c059ffdc338b70a5c""]","",""
"acquired-protocol-5e6866875f05d71b27d6","FLIP2 Amylase by-mutation; held-out test set · Amylase","discovered","[""discovery-benchmark-flip2""]","null","selection_required","Training-set mean where supervised fitting is permitted","editorial_selection_rule","not_reviewed","Protocol-specific applicability, permitted inputs, access, split, evaluator and execution requirements need review before implementation or execution.","[]","[]","[""acquired-dataset-b0b4eca267c04e159e7c""]","[]","","[""evidence-expansion-flip2-d0e61ca2""]","",""
"acquired-protocol-5e6866875f05d71b27d6","FLIP2 Amylase by-mutation; held-out test set · Amylase","discovered","[""discovery-benchmark-flip2""]","conventional","selection_required","Simple features with train-only ridge regression","editorial_selection_rule","not_reviewed","Protocol-specific applicability, permitted inputs, access, split, evaluator and execution requirements need review before implementation or execution.","[]","[]","[""acquired-dataset-b0b4eca267c04e159e7c""]","[]","","[""evidence-expansion-flip2-d0e61ca2""]","",""
"acquired-protocol-61ae01473c4e5c4a9ce5","BEELINE 2020 Figure 5 · mHSC-L · {""reference_network"":""STRING"",""gene_selection"":""TFs+500""}","discovered","[""discovery-benchmark-beeline""]","null","selection_required","Seeded random network with matched node universe and density","editorial_selection_rule","not_reviewed","Protocol-specific applicability, permitted inputs, access, split, evaluator and execution requirements need review before implementation or execution.","[]","[]","[""acquired-dataset-28bfd0c743b860070fc3""]","[]","","[""acquired-source-31344fb7e5e8ae6b9666""]","",""
"acquired-protocol-61ae01473c4e5c4a9ce5","BEELINE 2020 Figure 5 · mHSC-L · {""reference_network"":""STRING"",""gene_selection"":""TFs+500""}","discovered","[""discovery-benchmark-beeline""]","conventional","selection_required","Upstream statistical network inference reference","editorial_selection_rule","not_reviewed","Protocol-specific applicability, permitted inputs, access, split, evaluator and execution requirements need review before implementation or execution.","[]","[]","[""acquired-dataset-28bfd0c743b860070fc3""]","[]","","[""acquired-source-31344fb7e5e8ae6b9666""]","",""
"acquired-protocol-677b87f02518f844ef73","FLIP2 Amylase close-to-far; held-out test set · Amylase","discovered","[""discovery-benchmark-flip2""]","null","selection_required","Training-set mean where supervised fitting is permitted","editorial_selection_rule","not_reviewed","Protocol-specific applicability, permitted inputs, access, split, evaluator and execution requirements need review before implementation or execution.","[]","[]","[""acquired-dataset-b0b4eca267c04e159e7c""]","[]","","[""evidence-expansion-flip2-d0e61ca2""]","",""
"acquired-protocol-677b87f02518f844ef73","FLIP2 Amylase close-to-far; held-out test set · Amylase","discovered","[""discovery-benchmark-flip2""]","conventional","selection_required","Simple features with train-only ridge regression","editorial_selection_rule","not_reviewed","Protocol-specific applicability, permitted inputs, access, split, evaluator and execution requirements need review before implementation or execution.","[]","[]","[""acquired-dataset-b0b4eca267c04e159e7c""]","[]","","[""evidence-expansion-flip2-d0e61ca2""]","",""
"acquired-protocol-6ddc5a89a2b4c4c474d7","BEELINE 2020 Figure 5 · hESC · {""reference_network"":""STRING"",""gene_selection"":""TFs+500""}","discovered","[""discovery-benchmark-beeline""]","null","selection_required","Seeded random network with matched node universe and density","editorial_selection_rule","not_reviewed","Protocol-specific applicability, permitted inputs, access, split, evaluator and execution requirements need review before implementation or execution.","[]","[]","[""acquired-dataset-65ec1a2e5ff66c7e38c6""]","[]","","[""acquired-source-31344fb7e5e8ae6b9666""]","",""
"acquired-protocol-6ddc5a89a2b4c4c474d7","BEELINE 2020 Figure 5 · hESC · {""reference_network"":""STRING"",""gene_selection"":""TFs+500""}","discovered","[""discovery-benchmark-beeline""]","conventional","selection_required","Upstream statistical network inference reference","editorial_selection_rule","not_reviewed","Protocol-specific applicability, permitted inputs, access, split, evaluator and execution requirements need review before implementation or execution.","[]","[]","[""acquired-dataset-65ec1a2e5ff66c7e38c6""]","[]","","[""acquired-source-31344fb7e5e8ae6b9666""]","",""
"acquired-protocol-761bc55382fe7c90c627","Paper-specific Plinder-L95 stereochemistry assessment; Table 1 all entries · Plinder-L95 · rigid-receptor docking","discovered","[""discovery-benchmark-plinder""]","null","selection_required","Protocol-specific valid geometric or structural control","editorial_selection_rule","not_reviewed","Protocol-specific applicability, permitted inputs, access, split, evaluator and execution requirements need review before implementation or execution.","[]","[]","[""acquired-dataset-500bdf8d9750fb032041""]","[]","","[""boltz-stereochemistry-2025""]","",""
"acquired-protocol-761bc55382fe7c90c627","Paper-specific Plinder-L95 stereochemistry assessment; Table 1 all entries · Plinder-L95 · rigid-receptor docking","discovered","[""discovery-benchmark-plinder""]","conventional","selection_required","Upstream conventional structural reference with matched templates and cutoffs","editorial_selection_rule","not_reviewed","Protocol-specific applicability, permitted inputs, access, split, evaluator and execution requirements need review before implementation or execution.","[]","[]","[""acquired-dataset-500bdf8d9750fb032041""]","[]","","[""boltz-stereochemistry-2025""]","",""
"acquired-protocol-78f8093a50e8fca5eacc","BEELINE 2020 Figure 5 · mHSC-E · {""reference_network"":""STRING"",""gene_selection"":""TFs+500""}","discovered","[""discovery-benchmark-beeline""]","null","selection_required","Seeded random network with matched node universe and density","editorial_selection_rule","not_reviewed","Protocol-specific applicability, permitted inputs, access, split, evaluator and execution requirements need review before implementation or execution.","[]","[]","[""acquired-dataset-209f69705e52fadef590""]","[]","","[""acquired-source-31344fb7e5e8ae6b9666""]","",""
"acquired-protocol-78f8093a50e8fca5eacc","BEELINE 2020 Figure 5 · mHSC-E · {""reference_network"":""STRING"",""gene_selection"":""TFs+500""}","discovered","[""discovery-benchmark-beeline""]","conventional","selection_required","Upstream statistical network inference reference","editorial_selection_rule","not_reviewed","Protocol-specific applicability, permitted inputs, access, split, evaluator and execution requirements need review before implementation or execution.","[]","[]","[""acquired-dataset-209f69705e52fadef590""]","[]","","[""acquired-source-31344fb7e5e8ae6b9666""]","",""
"acquired-protocol-7913b13aba9d987c38ae","BEELINE 2020 Figure 5 · mESC · {""reference_network"":""STRING"",""gene_selection"":""TFs+500""}","discovered","[""discovery-benchmark-beeline""]","null","selection_required","Seeded random network with matched node universe and density","editorial_selection_rule","not_reviewed","Protocol-specific applicability, permitted inputs, access, split, evaluator and execution requirements need review before implementation or execution.","[]","[]","[""acquired-dataset-5da9375e8c9626efb795""]","[]","","[""acquired-source-31344fb7e5e8ae6b9666""]","",""
"acquired-protocol-7913b13aba9d987c38ae","BEELINE 2020 Figure 5 · mESC · {""reference_network"":""STRING"",""gene_selection"":""TFs+500""}","discovered","[""discovery-benchmark-beeline""]","conventional","selection_required","Upstream statistical network inference reference","editorial_selection_rule","not_reviewed","Protocol-specific applicability, permitted inputs, access, split, evaluator and execution requirements need review before implementation or execution.","[]","[]","[""acquired-dataset-5da9375e8c9626efb795""]","[]","","[""acquired-source-31344fb7e5e8ae6b9666""]","",""
"acquired-protocol-7977f5aa02ec0001bc1a","BEELINE 2020 Figure 5 · mHSC-L · {""reference_network"":""STRING"",""gene_selection"":""TFs+1000""}","discovered","[""discovery-benchmark-beeline""]","null","selection_required","Seeded random network with matched node universe and density","editorial_selection_rule","not_reviewed","Protocol-specific applicability, permitted inputs, access, split, evaluator and execution requirements need review before implementation or execution.","[]","[]","[""acquired-dataset-28bfd0c743b860070fc3""]","[]","","[""acquired-source-31344fb7e5e8ae6b9666""]","",""
"acquired-protocol-7977f5aa02ec0001bc1a","BEELINE 2020 Figure 5 · mHSC-L · {""reference_network"":""STRING"",""gene_selection"":""TFs+1000""}","discovered","[""discovery-benchmark-beeline""]","conventional","selection_required","Upstream statistical network inference reference","editorial_selection_rule","not_reviewed","Protocol-specific applicability, permitted inputs, access, split, evaluator and execution requirements need review before implementation or execution.","[]","[]","[""acquired-dataset-28bfd0c743b860070fc3""]","[]","","[""acquired-source-31344fb7e5e8ae6b9666""]","",""
"acquired-protocol-7f7b37c767904dd8a6fb","BEELINE 2020 Figure 5 · mESC · {""reference_network"":""Cell-type specific ChIP-Seq"",""gene_selection"":""TFs+1000""}","discovered","[""discovery-benchmark-beeline""]","null","selection_required","Seeded random network with matched node universe and density","editorial_selection_rule","not_reviewed","Protocol-specific applicability, permitted inputs, access, split, evaluator and execution requirements need review before implementation or execution.","[]","[]","[""acquired-dataset-5da9375e8c9626efb795""]","[]","","[""acquired-source-31344fb7e5e8ae6b9666""]","",""
"acquired-protocol-7f7b37c767904dd8a6fb","BEELINE 2020 Figure 5 · mESC · {""reference_network"":""Cell-type specific ChIP-Seq"",""gene_selection"":""TFs+1000""}","discovered","[""discovery-benchmark-beeline""]","conventional","selection_required","Upstream statistical network inference reference","editorial_selection_rule","not_reviewed","Protocol-specific applicability, permitted inputs, access, split, evaluator and execution requirements need review before implementation or execution.","[]","[]","[""acquired-dataset-5da9375e8c9626efb795""]","[]","","[""acquired-source-31344fb7e5e8ae6b9666""]","",""
"acquired-protocol-7f9c60e5c29f16e44637","vcc2026-val-1 · 2026 validation contexts A, B and C","discovered","[""discovery-benchmark-virtual-cell-challenge-2026""]","null","selection_required","Select a task-valid null control after reviewing inputs and metric","editorial_selection_rule","not_reviewed","Protocol-specific applicability, permitted inputs, access, split, evaluator and execution requirements need review before implementation or execution.","[]","[]","[""acquired-dataset-8af49d7590649d8f6daf""]","[]","","[""acquired-source-f3795f9b2fe16e3605bb""]","",""
"acquired-protocol-7f9c60e5c29f16e44637","vcc2026-val-1 · 2026 validation contexts A, B and C","discovered","[""discovery-benchmark-virtual-cell-challenge-2026""]","conventional","selection_required","Select an upstream conventional reference after reviewing the full protocol","editorial_selection_rule","not_reviewed","Protocol-specific applicability, permitted inputs, access, split, evaluator and execution requirements need review before implementation or execution.","[]","[]","[""acquired-dataset-8af49d7590649d8f6daf""]","[]","","[""acquired-source-f3795f9b2fe16e3605bb""]","",""
"acquired-protocol-8068932c1a23c9c3f049","CASP16 protein domain; first submitted model; T1201-D1 · CASP16 T1201-D1","discovered","[""discovery-benchmark-casp""]","null","selection_required","Protocol-specific valid geometric or structural control","editorial_selection_rule","not_reviewed","Protocol-specific applicability, permitted inputs, access, split, evaluator and execution requirements need review before implementation or execution.","[]","[]","[""acquired-dataset-bc098ce6a51a3c48a64f""]","[]","","[""acquired-source-9156fdf9eed96dcdafaa""]","",""
"acquired-protocol-8068932c1a23c9c3f049","CASP16 protein domain; first submitted model; T1201-D1 · CASP16 T1201-D1","discovered","[""discovery-benchmark-casp""]","conventional","selection_required","Upstream conventional structural reference with matched templates and cutoffs","editorial_selection_rule","not_reviewed","Protocol-specific applicability, permitted inputs, access, split, evaluator and execution requirements need review before implementation or execution.","[]","[]","[""acquired-dataset-bc098ce6a51a3c48a64f""]","[]","","[""acquired-source-9156fdf9eed96dcdafaa""]","",""
"acquired-protocol-81fdcee5288c3672584a","BEELINE 2020 Figure 5 · hHep · {""reference_network"":""Non-specific ChIP-Seq"",""gene_selection"":""TFs+500""}","discovered","[""discovery-benchmark-beeline""]","null","selection_required","Seeded random network with matched node universe and density","editorial_selection_rule","not_reviewed","Protocol-specific applicability, permitted inputs, access, split, evaluator and execution requirements need review before implementation or execution.","[]","[]","[""acquired-dataset-505358fce8593f7e41e4""]","[]","","[""acquired-source-31344fb7e5e8ae6b9666""]","",""
"acquired-protocol-81fdcee5288c3672584a","BEELINE 2020 Figure 5 · hHep · {""reference_network"":""Non-specific ChIP-Seq"",""gene_selection"":""TFs+500""}","discovered","[""discovery-benchmark-beeline""]","conventional","selection_required","Upstream statistical network inference reference","editorial_selection_rule","not_reviewed","Protocol-specific applicability, permitted inputs, access, split, evaluator and execution requirements need review before implementation or execution.","[]","[]","[""acquired-dataset-505358fce8593f7e41e4""]","[]","","[""acquired-source-31344fb7e5e8ae6b9666""]","",""
"acquired-protocol-86d9b432edaa8d609e23","FLIP2 Amylase one-to-many; held-out test set · Amylase","discovered","[""discovery-benchmark-flip2""]","null","selection_required","Training-set mean where supervised fitting is permitted","editorial_selection_rule","not_reviewed","Protocol-specific applicability, permitted inputs, access, split, evaluator and execution requirements need review before implementation or execution.","[]","[]","[""acquired-dataset-b0b4eca267c04e159e7c""]","[]","","[""evidence-expansion-flip2-d0e61ca2""]","",""
"acquired-protocol-86d9b432edaa8d609e23","FLIP2 Amylase one-to-many; held-out test set · Amylase","discovered","[""discovery-benchmark-flip2""]","conventional","selection_required","Simple features with train-only ridge regression","editorial_selection_rule","not_reviewed","Protocol-specific applicability, permitted inputs, access, split, evaluator and execution requirements need review before implementation or execution.","[]","[]","[""acquired-dataset-b0b4eca267c04e159e7c""]","[]","","[""evidence-expansion-flip2-d0e61ca2""]","",""
"acquired-protocol-8d1a268f98d747f4c385","FLIP2 hydro to-P06241; held-out test set · hydro","discovered","[""discovery-benchmark-flip2""]","null","selection_required","Training-set mean where supervised fitting is permitted","editorial_selection_rule","not_reviewed","Protocol-specific applicability, permitted inputs, access, split, evaluator and execution requirements need review before implementation or execution.","[]","[]","[""acquired-dataset-ecef09ad02eca7267357""]","[]","","[""evidence-expansion-flip2-d0e61ca2""]","",""
"acquired-protocol-8d1a268f98d747f4c385","FLIP2 hydro to-P06241; held-out test set · hydro","discovered","[""discovery-benchmark-flip2""]","conventional","selection_required","Simple features with train-only ridge regression","editorial_selection_rule","not_reviewed","Protocol-specific applicability, permitted inputs, access, split, evaluator and execution requirements need review before implementation or execution.","[]","[]","[""acquired-dataset-ecef09ad02eca7267357""]","[]","","[""evidence-expansion-flip2-d0e61ca2""]","",""
"acquired-protocol-906c90560bda45e6b1af","CAFA3 BPO all organisms; type1 no-knowledge; mode1 · CAFA3 final benchmark; BPO; all; type1; mode1","discovered","[""discovery-benchmark-cafa""]","null","selection_required","Training-set class prior where supervised fitting is permitted","editorial_selection_rule","not_reviewed","Protocol-specific applicability, permitted inputs, access, split, evaluator and execution requirements need review before implementation or execution.","[]","[]","[""acquired-dataset-abbcdc3b3c54d87fa5b1""]","[]","","[""acquired-source-8729ad22565c7a738b41""]","",""
"acquired-protocol-906c90560bda45e6b1af","CAFA3 BPO all organisms; type1 no-knowledge; mode1 · CAFA3 final benchmark; BPO; all; type1; mode1","discovered","[""discovery-benchmark-cafa""]","conventional","selection_required","Regularised classifier on simple permitted features, or protocol's conventional reference","editorial_selection_rule","not_reviewed","Protocol-specific applicability, permitted inputs, access, split, evaluator and execution requirements need review before implementation or execution.","[]","[]","[""acquired-dataset-abbcdc3b3c54d87fa5b1""]","[]","","[""acquired-source-8729ad22565c7a738b41""]","",""
"acquired-protocol-95bb2d71a1d51316f506","CAPRI round 61 predictor; submitted model 1; T314.1 · CAPRI round 61 T314.1","discovered","[""discovery-benchmark-capri""]","null","selection_required","Protocol-specific valid geometric or structural control","editorial_selection_rule","not_reviewed","Protocol-specific applicability, permitted inputs, access, split, evaluator and execution requirements need review before implementation or execution.","[]","[]","[""acquired-dataset-9387419d7ec5de9abb91""]","[]","","[""acquired-source-a1e1af10cf13322916ca""]","",""
"acquired-protocol-95bb2d71a1d51316f506","CAPRI round 61 predictor; submitted model 1; T314.1 · CAPRI round 61 T314.1","discovered","[""discovery-benchmark-capri""]","conventional","selection_required","Upstream conventional structural reference with matched templates and cutoffs","editorial_selection_rule","not_reviewed","Protocol-specific applicability, permitted inputs, access, split, evaluator and execution requirements need review before implementation or execution.","[]","[]","[""acquired-dataset-9387419d7ec5de9abb91""]","[]","","[""acquired-source-a1e1af10cf13322916ca""]","",""
"acquired-protocol-994c136cc78955a7777e","BEELINE 2020 Figure 5 · hHep · {""reference_network"":""STRING"",""gene_selection"":""TFs+500""}","discovered","[""discovery-benchmark-beeline""]","null","selection_required","Seeded random network with matched node universe and density","editorial_selection_rule","not_reviewed","Protocol-specific applicability, permitted inputs, access, split, evaluator and execution requirements need review before implementation or execution.","[]","[]","[""acquired-dataset-505358fce8593f7e41e4""]","[]","","[""acquired-source-31344fb7e5e8ae6b9666""]","",""
"acquired-protocol-994c136cc78955a7777e","BEELINE 2020 Figure 5 · hHep · {""reference_network"":""STRING"",""gene_selection"":""TFs+500""}","discovered","[""discovery-benchmark-beeline""]","conventional","selection_required","Upstream statistical network inference reference","editorial_selection_rule","not_reviewed","Protocol-specific applicability, permitted inputs, access, split, evaluator and execution requirements need review before implementation or execution.","[]","[]","[""acquired-dataset-505358fce8593f7e41e4""]","[]","","[""acquired-source-31344fb7e5e8ae6b9666""]","",""
"acquired-protocol-a72274bbb664040489be","BEELINE 2020 Figure 5 · mDC · {""reference_network"":""STRING"",""gene_selection"":""TFs+1000""}","discovered","[""discovery-benchmark-beeline""]","null","selection_required","Seeded random network with matched node universe and density","editorial_selection_rule","not_reviewed","Protocol-specific applicability, permitted inputs, access, split, evaluator and execution requirements need review before implementation or execution.","[]","[]","[""acquired-dataset-f123a29ec27fb4121b9b""]","[]","","[""acquired-source-31344fb7e5e8ae6b9666""]","",""
"acquired-protocol-a72274bbb664040489be","BEELINE 2020 Figure 5 · mDC · {""reference_network"":""STRING"",""gene_selection"":""TFs+1000""}","discovered","[""discovery-benchmark-beeline""]","conventional","selection_required","Upstream statistical network inference reference","editorial_selection_rule","not_reviewed","Protocol-specific applicability, permitted inputs, access, split, evaluator and execution requirements need review before implementation or execution.","[]","[]","[""acquired-dataset-f123a29ec27fb4121b9b""]","[]","","[""acquired-source-31344fb7e5e8ae6b9666""]","",""
"acquired-protocol-a8ac152e52ee3e06387c","CAFA3 CCO all organisms; type1 no-knowledge; mode1 · CAFA3 final benchmark; CCO; all; type1; mode1","discovered","[""discovery-benchmark-cafa""]","null","selection_required","Training-set class prior where supervised fitting is permitted","editorial_selection_rule","not_reviewed","Protocol-specific applicability, permitted inputs, access, split, evaluator and execution requirements need review before implementation or execution.","[]","[]","[""acquired-dataset-9907f27c54a057aa678b""]","[]","","[""acquired-source-8594fdd08941d9338591""]","",""
"acquired-protocol-a8ac152e52ee3e06387c","CAFA3 CCO all organisms; type1 no-knowledge; mode1 · CAFA3 final benchmark; CCO; all; type1; mode1","discovered","[""discovery-benchmark-cafa""]","conventional","selection_required","Regularised classifier on simple permitted features, or protocol's conventional reference","editorial_selection_rule","not_reviewed","Protocol-specific applicability, permitted inputs, access, split, evaluator and execution requirements need review before implementation or execution.","[]","[]","[""acquired-dataset-9907f27c54a057aa678b""]","[]","","[""acquired-source-8594fdd08941d9338591""]","",""
"acquired-protocol-a8f87266d6be53bbd23b","BEELINE 2020 Figure 5 · MHSC-GM · {""reference_network"":""Non-specific ChIP-Seq"",""gene_selection"":""TFs+1000""}","discovered","[""discovery-benchmark-beeline""]","null","selection_required","Seeded random network with matched node universe and density","editorial_selection_rule","not_reviewed","Protocol-specific applicability, permitted inputs, access, split, evaluator and execution requirements need review before implementation or execution.","[]","[]","[""acquired-dataset-b77b1bfaec68191715de""]","[]","","[""acquired-source-31344fb7e5e8ae6b9666""]","",""
"acquired-protocol-a8f87266d6be53bbd23b","BEELINE 2020 Figure 5 · MHSC-GM · {""reference_network"":""Non-specific ChIP-Seq"",""gene_selection"":""TFs+1000""}","discovered","[""discovery-benchmark-beeline""]","conventional","selection_required","Upstream statistical network inference reference","editorial_selection_rule","not_reviewed","Protocol-specific applicability, permitted inputs, access, split, evaluator and execution requirements need review before implementation or execution.","[]","[]","[""acquired-dataset-b77b1bfaec68191715de""]","[]","","[""acquired-source-31344fb7e5e8ae6b9666""]","",""
"acquired-protocol-a930238c7acc35fd34ee","BEELINE 2020 Figure 5 · hESC · {""reference_network"":""Cell-type specific ChIP-Seq"",""gene_selection"":""TFs+500""}","discovered","[""discovery-benchmark-beeline""]","null","selection_required","Seeded random network with matched node universe and density","editorial_selection_rule","not_reviewed","Protocol-specific applicability, permitted inputs, access, split, evaluator and execution requirements need review before implementation or execution.","[]","[]","[""acquired-dataset-65ec1a2e5ff66c7e38c6""]","[]","","[""acquired-source-31344fb7e5e8ae6b9666""]","",""
"acquired-protocol-a930238c7acc35fd34ee","BEELINE 2020 Figure 5 · hESC · {""reference_network"":""Cell-type specific ChIP-Seq"",""gene_selection"":""TFs+500""}","discovered","[""discovery-benchmark-beeline""]","conventional","selection_required","Upstream statistical network inference reference","editorial_selection_rule","not_reviewed","Protocol-specific applicability, permitted inputs, access, split, evaluator and execution requirements need review before implementation or execution.","[]","[]","[""acquired-dataset-65ec1a2e5ff66c7e38c6""]","[]","","[""acquired-source-31344fb7e5e8ae6b9666""]","",""
"acquired-protocol-a9a52bfc61cc00ae40eb","BEELINE 2020 Figure 5 · mHSC-E · {""reference_network"":""STRING"",""gene_selection"":""TFs+1000""}","discovered","[""discovery-benchmark-beeline""]","null","selection_required","Seeded random network with matched node universe and density","editorial_selection_rule","not_reviewed","Protocol-specific applicability, permitted inputs, access, split, evaluator and execution requirements need review before implementation or execution.","[]","[]","[""acquired-dataset-209f69705e52fadef590""]","[]","","[""acquired-source-31344fb7e5e8ae6b9666""]","",""
"acquired-protocol-a9a52bfc61cc00ae40eb","BEELINE 2020 Figure 5 · mHSC-E · {""reference_network"":""STRING"",""gene_selection"":""TFs+1000""}","discovered","[""discovery-benchmark-beeline""]","conventional","selection_required","Upstream statistical network inference reference","editorial_selection_rule","not_reviewed","Protocol-specific applicability, permitted inputs, access, split, evaluator and execution requirements need review before implementation or execution.","[]","[]","[""acquired-dataset-209f69705e52fadef590""]","[]","","[""acquired-source-31344fb7e5e8ae6b9666""]","",""
"acquired-protocol-b022aafcf374cd51f0f3","BEELINE 2020 Figure 5 · mHSC-E · {""reference_network"":""Cell-type specific ChIP-Seq"",""gene_selection"":""TFs+500""}","discovered","[""discovery-benchmark-beeline""]","null","selection_required","Seeded random network with matched node universe and density","editorial_selection_rule","not_reviewed","Protocol-specific applicability, permitted inputs, access, split, evaluator and execution requirements need review before implementation or execution.","[]","[]","[""acquired-dataset-209f69705e52fadef590""]","[]","","[""acquired-source-31344fb7e5e8ae6b9666""]","",""
"acquired-protocol-b022aafcf374cd51f0f3","BEELINE 2020 Figure 5 · mHSC-E · {""reference_network"":""Cell-type specific ChIP-Seq"",""gene_selection"":""TFs+500""}","discovered","[""discovery-benchmark-beeline""]","conventional","selection_required","Upstream statistical network inference reference","editorial_selection_rule","not_reviewed","Protocol-specific applicability, permitted inputs, access, split, evaluator and execution requirements need review before implementation or execution.","[]","[]","[""acquired-dataset-209f69705e52fadef590""]","[]","","[""acquired-source-31344fb7e5e8ae6b9666""]","",""
"acquired-protocol-b1b289fa63273aa8bba2","BEELINE 2020 Figure 5 · mESC · {""reference_network"":""log/gof"",""gene_selection"":""TFs+1000""}","discovered","[""discovery-benchmark-beeline""]","null","selection_required","Seeded random network with matched node universe and density","editorial_selection_rule","not_reviewed","Protocol-specific applicability, permitted inputs, access, split, evaluator and execution requirements need review before implementation or execution.","[]","[]","[""acquired-dataset-5da9375e8c9626efb795""]","[]","","[""acquired-source-31344fb7e5e8ae6b9666""]","",""
"acquired-protocol-b1b289fa63273aa8bba2","BEELINE 2020 Figure 5 · mESC · {""reference_network"":""log/gof"",""gene_selection"":""TFs+1000""}","discovered","[""discovery-benchmark-beeline""]","conventional","selection_required","Upstream statistical network inference reference","editorial_selection_rule","not_reviewed","Protocol-specific applicability, permitted inputs, access, split, evaluator and execution requirements need review before implementation or execution.","[]","[]","[""acquired-dataset-5da9375e8c9626efb795""]","[]","","[""acquired-source-31344fb7e5e8ae6b9666""]","",""
"acquired-protocol-b3a78798ab8a7602a63a","BEELINE 2020 Figure 5 · hESC · {""reference_network"":""STRING"",""gene_selection"":""TFs+1000""}","discovered","[""discovery-benchmark-beeline""]","null","selection_required","Seeded random network with matched node universe and density","editorial_selection_rule","not_reviewed","Protocol-specific applicability, permitted inputs, access, split, evaluator and execution requirements need review before implementation or execution.","[]","[]","[""acquired-dataset-65ec1a2e5ff66c7e38c6""]","[]","","[""acquired-source-31344fb7e5e8ae6b9666""]","",""
"acquired-protocol-b3a78798ab8a7602a63a","BEELINE 2020 Figure 5 · hESC · {""reference_network"":""STRING"",""gene_selection"":""TFs+1000""}","discovered","[""discovery-benchmark-beeline""]","conventional","selection_required","Upstream statistical network inference reference","editorial_selection_rule","not_reviewed","Protocol-specific applicability, permitted inputs, access, split, evaluator and execution requirements need review before implementation or execution.","[]","[]","[""acquired-dataset-65ec1a2e5ff66c7e38c6""]","[]","","[""acquired-source-31344fb7e5e8ae6b9666""]","",""
"acquired-protocol-b614e3405917763fb159","BEELINE 2020 Figure 5 · mHSC-E · {""reference_network"":""Cell-type specific ChIP-Seq"",""gene_selection"":""TFs+1000""}","discovered","[""discovery-benchmark-beeline""]","null","selection_required","Seeded random network with matched node universe and density","editorial_selection_rule","not_reviewed","Protocol-specific applicability, permitted inputs, access, split, evaluator and execution requirements need review before implementation or execution.","[]","[]","[""acquired-dataset-209f69705e52fadef590""]","[]","","[""acquired-source-31344fb7e5e8ae6b9666""]","",""
"acquired-protocol-b614e3405917763fb159","BEELINE 2020 Figure 5 · mHSC-E · {""reference_network"":""Cell-type specific ChIP-Seq"",""gene_selection"":""TFs+1000""}","discovered","[""discovery-benchmark-beeline""]","conventional","selection_required","Upstream statistical network inference reference","editorial_selection_rule","not_reviewed","Protocol-specific applicability, permitted inputs, access, split, evaluator and execution requirements need review before implementation or execution.","[]","[]","[""acquired-dataset-209f69705e52fadef590""]","[]","","[""acquired-source-31344fb7e5e8ae6b9666""]","",""
"acquired-protocol-b782c1901e3d8fb8348e","BEELINE 2020 Figure 5 · mDC · {""reference_network"":""Cell-type specific ChIP-Seq"",""gene_selection"":""TFs+1000""}","discovered","[""discovery-benchmark-beeline""]","null","selection_required","Seeded random network with matched node universe and density","editorial_selection_rule","not_reviewed","Protocol-specific applicability, permitted inputs, access, split, evaluator and execution requirements need review before implementation or execution.","[]","[]","[""acquired-dataset-f123a29ec27fb4121b9b""]","[]","","[""acquired-source-31344fb7e5e8ae6b9666""]","",""
"acquired-protocol-b782c1901e3d8fb8348e","BEELINE 2020 Figure 5 · mDC · {""reference_network"":""Cell-type specific ChIP-Seq"",""gene_selection"":""TFs+1000""}","discovered","[""discovery-benchmark-beeline""]","conventional","selection_required","Upstream statistical network inference reference","editorial_selection_rule","not_reviewed","Protocol-specific applicability, permitted inputs, access, split, evaluator and execution requirements need review before implementation or execution.","[]","[]","[""acquired-dataset-f123a29ec27fb4121b9b""]","[]","","[""acquired-source-31344fb7e5e8ae6b9666""]","",""
"acquired-protocol-b7da29c68a46720cce0b","BEELINE 2020 Figure 5 · mESC · {""reference_network"":""STRING"",""gene_selection"":""TFs+1000""}","discovered","[""discovery-benchmark-beeline""]","null","selection_required","Seeded random network with matched node universe and density","editorial_selection_rule","not_reviewed","Protocol-specific applicability, permitted inputs, access, split, evaluator and execution requirements need review before implementation or execution.","[]","[]","[""acquired-dataset-5da9375e8c9626efb795""]","[]","","[""acquired-source-31344fb7e5e8ae6b9666""]","",""
"acquired-protocol-b7da29c68a46720cce0b","BEELINE 2020 Figure 5 · mESC · {""reference_network"":""STRING"",""gene_selection"":""TFs+1000""}","discovered","[""discovery-benchmark-beeline""]","conventional","selection_required","Upstream statistical network inference reference","editorial_selection_rule","not_reviewed","Protocol-specific applicability, permitted inputs, access, split, evaluator and execution requirements need review before implementation or execution.","[]","[]","[""acquired-dataset-5da9375e8c9626efb795""]","[]","","[""acquired-source-31344fb7e5e8ae6b9666""]","",""
"acquired-protocol-bd571aa3305cceba1f0b","BEELINE 2020 Figure 5 · mHSC-L · {""reference_network"":""Non-specific ChIP-Seq"",""gene_selection"":""TFs+1000""}","discovered","[""discovery-benchmark-beeline""]","null","selection_required","Seeded random network with matched node universe and density","editorial_selection_rule","not_reviewed","Protocol-specific applicability, permitted inputs, access, split, evaluator and execution requirements need review before implementation or execution.","[]","[]","[""acquired-dataset-28bfd0c743b860070fc3""]","[]","","[""acquired-source-31344fb7e5e8ae6b9666""]","",""
"acquired-protocol-bd571aa3305cceba1f0b","BEELINE 2020 Figure 5 · mHSC-L · {""reference_network"":""Non-specific ChIP-Seq"",""gene_selection"":""TFs+1000""}","discovered","[""discovery-benchmark-beeline""]","conventional","selection_required","Upstream statistical network inference reference","editorial_selection_rule","not_reviewed","Protocol-specific applicability, permitted inputs, access, split, evaluator and execution requirements need review before implementation or execution.","[]","[]","[""acquired-dataset-28bfd0c743b860070fc3""]","[]","","[""acquired-source-31344fb7e5e8ae6b9666""]","",""
"acquired-protocol-bd9b01304308808a7b38","BEELINE 2020 Figure 5 · hESC · {""reference_network"":""Non-specific ChIP-Seq"",""gene_selection"":""TFs+1000""}","discovered","[""discovery-benchmark-beeline""]","null","selection_required","Seeded random network with matched node universe and density","editorial_selection_rule","not_reviewed","Protocol-specific applicability, permitted inputs, access, split, evaluator and execution requirements need review before implementation or execution.","[]","[]","[""acquired-dataset-65ec1a2e5ff66c7e38c6""]","[]","","[""acquired-source-31344fb7e5e8ae6b9666""]","",""
"acquired-protocol-bd9b01304308808a7b38","BEELINE 2020 Figure 5 · hESC · {""reference_network"":""Non-specific ChIP-Seq"",""gene_selection"":""TFs+1000""}","discovered","[""discovery-benchmark-beeline""]","conventional","selection_required","Upstream statistical network inference reference","editorial_selection_rule","not_reviewed","Protocol-specific applicability, permitted inputs, access, split, evaluator and execution requirements need review before implementation or execution.","[]","[]","[""acquired-dataset-65ec1a2e5ff66c7e38c6""]","[]","","[""acquired-source-31344fb7e5e8ae6b9666""]","",""
"acquired-protocol-c28293280f628951a96d","FLIP2 PDZ3 single-to-double; held-out test set · PDZ3","discovered","[""discovery-benchmark-flip2""]","null","selection_required","Training-set mean where supervised fitting is permitted","editorial_selection_rule","not_reviewed","Protocol-specific applicability, permitted inputs, access, split, evaluator and execution requirements need review before implementation or execution.","[]","[]","[""acquired-dataset-c0b872db3e1acc9bfa1c""]","[]","","[""evidence-expansion-flip2-d0e61ca2""]","",""
"acquired-protocol-c28293280f628951a96d","FLIP2 PDZ3 single-to-double; held-out test set · PDZ3","discovered","[""discovery-benchmark-flip2""]","conventional","selection_required","Simple features with train-only ridge regression","editorial_selection_rule","not_reviewed","Protocol-specific applicability, permitted inputs, access, split, evaluator and execution requirements need review before implementation or execution.","[]","[]","[""acquired-dataset-c0b872db3e1acc9bfa1c""]","[]","","[""evidence-expansion-flip2-d0e61ca2""]","",""
"acquired-protocol-c57e646de930422fa536","BEELINE 2020 Figure 5 · MHSC-GM · {""reference_network"":""STRING"",""gene_selection"":""TFs+500""}","discovered","[""discovery-benchmark-beeline""]","null","selection_required","Seeded random network with matched node universe and density","editorial_selection_rule","not_reviewed","Protocol-specific applicability, permitted inputs, access, split, evaluator and execution requirements need review before implementation or execution.","[]","[]","[""acquired-dataset-b77b1bfaec68191715de""]","[]","","[""acquired-source-31344fb7e5e8ae6b9666""]","",""
"acquired-protocol-c57e646de930422fa536","BEELINE 2020 Figure 5 · MHSC-GM · {""reference_network"":""STRING"",""gene_selection"":""TFs+500""}","discovered","[""discovery-benchmark-beeline""]","conventional","selection_required","Upstream statistical network inference reference","editorial_selection_rule","not_reviewed","Protocol-specific applicability, permitted inputs, access, split, evaluator and execution requirements need review before implementation or execution.","[]","[]","[""acquired-dataset-b77b1bfaec68191715de""]","[]","","[""acquired-source-31344fb7e5e8ae6b9666""]","",""
"acquired-protocol-c7f45d872952b996c96a","BEELINE 2020 Figure 4 · HSC · {}","discovered","[""discovery-benchmark-beeline""]","null","selection_required","Seeded random network with matched node universe and density","editorial_selection_rule","not_reviewed","Protocol-specific applicability, permitted inputs, access, split, evaluator and execution requirements need review before implementation or execution.","[]","[]","[""acquired-dataset-af9a9ee57b3d1239db18""]","[]","","[""acquired-source-3156602fda847ae943b4""]","",""
"acquired-protocol-c7f45d872952b996c96a","BEELINE 2020 Figure 4 · HSC · {}","discovered","[""discovery-benchmark-beeline""]","conventional","selection_required","Upstream statistical network inference reference","editorial_selection_rule","not_reviewed","Protocol-specific applicability, permitted inputs, access, split, evaluator and execution requirements need review before implementation or execution.","[]","[]","[""acquired-dataset-af9a9ee57b3d1239db18""]","[]","","[""acquired-source-3156602fda847ae943b4""]","",""
"acquired-protocol-c8cff8ffd3fbf524bf2e","BEELINE 2020 Figure 5 · MHSC-GM · {""reference_network"":""STRING"",""gene_selection"":""TFs+1000""}","discovered","[""discovery-benchmark-beeline""]","null","selection_required","Seeded random network with matched node universe and density","editorial_selection_rule","not_reviewed","Protocol-specific applicability, permitted inputs, access, split, evaluator and execution requirements need review before implementation or execution.","[]","[]","[""acquired-dataset-b77b1bfaec68191715de""]","[]","","[""acquired-source-31344fb7e5e8ae6b9666""]","",""
"acquired-protocol-c8cff8ffd3fbf524bf2e","BEELINE 2020 Figure 5 · MHSC-GM · {""reference_network"":""STRING"",""gene_selection"":""TFs+1000""}","discovered","[""discovery-benchmark-beeline""]","conventional","selection_required","Upstream statistical network inference reference","editorial_selection_rule","not_reviewed","Protocol-specific applicability, permitted inputs, access, split, evaluator and execution requirements need review before implementation or execution.","[]","[]","[""acquired-dataset-b77b1bfaec68191715de""]","[]","","[""acquired-source-31344fb7e5e8ae6b9666""]","",""
"acquired-protocol-ceaaa7b9d8af61e51736","BEELINE 2020 Figure 5 · MHSC-GM · {""reference_network"":""Non-specific ChIP-Seq"",""gene_selection"":""TFs+500""}","discovered","[""discovery-benchmark-beeline""]","null","selection_required","Seeded random network with matched node universe and density","editorial_selection_rule","not_reviewed","Protocol-specific applicability, permitted inputs, access, split, evaluator and execution requirements need review before implementation or execution.","[]","[]","[""acquired-dataset-b77b1bfaec68191715de""]","[]","","[""acquired-source-31344fb7e5e8ae6b9666""]","",""
"acquired-protocol-ceaaa7b9d8af61e51736","BEELINE 2020 Figure 5 · MHSC-GM · {""reference_network"":""Non-specific ChIP-Seq"",""gene_selection"":""TFs+500""}","discovered","[""discovery-benchmark-beeline""]","conventional","selection_required","Upstream statistical network inference reference","editorial_selection_rule","not_reviewed","Protocol-specific applicability, permitted inputs, access, split, evaluator and execution requirements need review before implementation or execution.","[]","[]","[""acquired-dataset-b77b1bfaec68191715de""]","[]","","[""acquired-source-31344fb7e5e8ae6b9666""]","",""
"acquired-protocol-cedd42f89ef2860a1fc7","CAPRI round 61 predictor; submitted model 1; T316.1 · CAPRI round 61 T316.1","discovered","[""discovery-benchmark-capri""]","null","selection_required","Protocol-specific valid geometric or structural control","editorial_selection_rule","not_reviewed","Protocol-specific applicability, permitted inputs, access, split, evaluator and execution requirements need review before implementation or execution.","[]","[]","[""acquired-dataset-aef969efa34df0fe3766""]","[]","","[""acquired-source-a1e1af10cf13322916ca""]","",""
"acquired-protocol-cedd42f89ef2860a1fc7","CAPRI round 61 predictor; submitted model 1; T316.1 · CAPRI round 61 T316.1","discovered","[""discovery-benchmark-capri""]","conventional","selection_required","Upstream conventional structural reference with matched templates and cutoffs","editorial_selection_rule","not_reviewed","Protocol-specific applicability, permitted inputs, access, split, evaluator and execution requirements need review before implementation or execution.","[]","[]","[""acquired-dataset-aef969efa34df0fe3766""]","[]","","[""acquired-source-a1e1af10cf13322916ca""]","",""
"acquired-protocol-d0d5f30d1e07aa33d121","FLIP2 IRED two-to-many; held-out test set · IRED","discovered","[""discovery-benchmark-flip2""]","null","selection_required","Training-set mean where supervised fitting is permitted","editorial_selection_rule","not_reviewed","Protocol-specific applicability, permitted inputs, access, split, evaluator and execution requirements need review before implementation or execution.","[]","[]","[""acquired-dataset-69828ada54ffa9b99628""]","[]","","[""evidence-expansion-flip2-d0e61ca2""]","",""
"acquired-protocol-d0d5f30d1e07aa33d121","FLIP2 IRED two-to-many; held-out test set · IRED","discovered","[""discovery-benchmark-flip2""]","conventional","selection_required","Simple features with train-only ridge regression","editorial_selection_rule","not_reviewed","Protocol-specific applicability, permitted inputs, access, split, evaluator and execution requirements need review before implementation or execution.","[]","[]","[""acquired-dataset-69828ada54ffa9b99628""]","[]","","[""evidence-expansion-flip2-d0e61ca2""]","",""
"acquired-protocol-d4acaf69f73675e7a672","Paper-specific Plinder-L95 stereochemistry assessment; Table 1 all entries · Plinder-L95 · docking with ground-truth-centred search box","discovered","[""discovery-benchmark-plinder""]","null","selection_required","Protocol-specific valid geometric or structural control","editorial_selection_rule","not_reviewed","Protocol-specific applicability, permitted inputs, access, split, evaluator and execution requirements need review before implementation or execution.","[]","[]","[""acquired-dataset-500bdf8d9750fb032041""]","[]","","[""boltz-stereochemistry-2025""]","",""
"acquired-protocol-d4acaf69f73675e7a672","Paper-specific Plinder-L95 stereochemistry assessment; Table 1 all entries · Plinder-L95 · docking with ground-truth-centred search box","discovered","[""discovery-benchmark-plinder""]","conventional","selection_required","Upstream conventional structural reference with matched templates and cutoffs","editorial_selection_rule","not_reviewed","Protocol-specific applicability, permitted inputs, access, split, evaluator and execution requirements need review before implementation or execution.","[]","[]","[""acquired-dataset-500bdf8d9750fb032041""]","[]","","[""boltz-stereochemistry-2025""]","",""
"acquired-protocol-d60261afa2c58e4aa12e","BEELINE 2020 Figure 5 · mHSC-L · {""reference_network"":""Cell-type specific ChIP-Seq"",""gene_selection"":""TFs+1000""}","discovered","[""discovery-benchmark-beeline""]","null","selection_required","Seeded random network with matched node universe and density","editorial_selection_rule","not_reviewed","Protocol-specific applicability, permitted inputs, access, split, evaluator and execution requirements need review before implementation or execution.","[]","[]","[""acquired-dataset-28bfd0c743b860070fc3""]","[]","","[""acquired-source-31344fb7e5e8ae6b9666""]","",""
"acquired-protocol-d60261afa2c58e4aa12e","BEELINE 2020 Figure 5 · mHSC-L · {""reference_network"":""Cell-type specific ChIP-Seq"",""gene_selection"":""TFs+1000""}","discovered","[""discovery-benchmark-beeline""]","conventional","selection_required","Upstream statistical network inference reference","editorial_selection_rule","not_reviewed","Protocol-specific applicability, permitted inputs, access, split, evaluator and execution requirements need review before implementation or execution.","[]","[]","[""acquired-dataset-28bfd0c743b860070fc3""]","[]","","[""acquired-source-31344fb7e5e8ae6b9666""]","",""
"acquired-protocol-d66bbf2b3dd743f2db47","BEELINE 2020 Figure 2 · LL · {}","discovered","[""discovery-benchmark-beeline""]","null","selection_required","Seeded random network with matched node universe and density","editorial_selection_rule","not_reviewed","Protocol-specific applicability, permitted inputs, access, split, evaluator and execution requirements need review before implementation or execution.","[]","[]","[""acquired-dataset-eb76cb4054f5ff595c00""]","[]","","[""acquired-source-0f6c059ffdc338b70a5c""]","",""
"acquired-protocol-d66bbf2b3dd743f2db47","BEELINE 2020 Figure 2 · LL · {}","discovered","[""discovery-benchmark-beeline""]","conventional","selection_required","Upstream statistical network inference reference","editorial_selection_rule","not_reviewed","Protocol-specific applicability, permitted inputs, access, split, evaluator and execution requirements need review before implementation or execution.","[]","[]","[""acquired-dataset-eb76cb4054f5ff595c00""]","[]","","[""acquired-source-0f6c059ffdc338b70a5c""]","",""
"acquired-protocol-d689343c656902d1f852","FLIP2 rhomax by-wild-type; held-out test set · rhomax","discovered","[""discovery-benchmark-flip2""]","null","selection_required","Training-set mean where supervised fitting is permitted","editorial_selection_rule","not_reviewed","Protocol-specific applicability, permitted inputs, access, split, evaluator and execution requirements need review before implementation or execution.","[]","[]","[""acquired-dataset-9977d8cadf209df86fe5""]","[]","","[""evidence-expansion-flip2-d0e61ca2""]","",""
"acquired-protocol-d689343c656902d1f852","FLIP2 rhomax by-wild-type; held-out test set · rhomax","discovered","[""discovery-benchmark-flip2""]","conventional","selection_required","Simple features with train-only ridge regression","editorial_selection_rule","not_reviewed","Protocol-specific applicability, permitted inputs, access, split, evaluator and execution requirements need review before implementation or execution.","[]","[]","[""acquired-dataset-9977d8cadf209df86fe5""]","[]","","[""evidence-expansion-flip2-d0e61ca2""]","",""
"acquired-protocol-dc2ce864a7578927cabc","BEELINE 2020 Figure 5 · mESC · {""reference_network"":""Non-specific ChIP-Seq"",""gene_selection"":""TFs+500""}","discovered","[""discovery-benchmark-beeline""]","null","selection_required","Seeded random network with matched node universe and density","editorial_selection_rule","not_reviewed","Protocol-specific applicability, permitted inputs, access, split, evaluator and execution requirements need review before implementation or execution.","[]","[]","[""acquired-dataset-5da9375e8c9626efb795""]","[]","","[""acquired-source-31344fb7e5e8ae6b9666""]","",""
"acquired-protocol-dc2ce864a7578927cabc","BEELINE 2020 Figure 5 · mESC · {""reference_network"":""Non-specific ChIP-Seq"",""gene_selection"":""TFs+500""}","discovered","[""discovery-benchmark-beeline""]","conventional","selection_required","Upstream statistical network inference reference","editorial_selection_rule","not_reviewed","Protocol-specific applicability, permitted inputs, access, split, evaluator and execution requirements need review before implementation or execution.","[]","[]","[""acquired-dataset-5da9375e8c9626efb795""]","[]","","[""acquired-source-31344fb7e5e8ae6b9666""]","",""
"acquired-protocol-e0ffaca06ad1222ac21e","BEELINE 2020 Figure 5 · hHep · {""reference_network"":""Non-specific ChIP-Seq"",""gene_selection"":""TFs+1000""}","discovered","[""discovery-benchmark-beeline""]","null","selection_required","Seeded random network with matched node universe and density","editorial_selection_rule","not_reviewed","Protocol-specific applicability, permitted inputs, access, split, evaluator and execution requirements need review before implementation or execution.","[]","[]","[""acquired-dataset-505358fce8593f7e41e4""]","[]","","[""acquired-source-31344fb7e5e8ae6b9666""]","",""
"acquired-protocol-e0ffaca06ad1222ac21e","BEELINE 2020 Figure 5 · hHep · {""reference_network"":""Non-specific ChIP-Seq"",""gene_selection"":""TFs+1000""}","discovered","[""discovery-benchmark-beeline""]","conventional","selection_required","Upstream statistical network inference reference","editorial_selection_rule","not_reviewed","Protocol-specific applicability, permitted inputs, access, split, evaluator and execution requirements need review before implementation or execution.","[]","[]","[""acquired-dataset-505358fce8593f7e41e4""]","[]","","[""acquired-source-31344fb7e5e8ae6b9666""]","",""
"acquired-protocol-e693882416f4067e6939","FLIP2 hydro to-P0A9X9; held-out test set · hydro","discovered","[""discovery-benchmark-flip2""]","null","selection_required","Training-set mean where supervised fitting is permitted","editorial_selection_rule","not_reviewed","Protocol-specific applicability, permitted inputs, access, split, evaluator and execution requirements need review before implementation or execution.","[]","[]","[""acquired-dataset-ecef09ad02eca7267357""]","[]","","[""evidence-expansion-flip2-d0e61ca2""]","",""
"acquired-protocol-e693882416f4067e6939","FLIP2 hydro to-P0A9X9; held-out test set · hydro","discovered","[""discovery-benchmark-flip2""]","conventional","selection_required","Simple features with train-only ridge regression","editorial_selection_rule","not_reviewed","Protocol-specific applicability, permitted inputs, access, split, evaluator and execution requirements need review before implementation or execution.","[]","[]","[""acquired-dataset-ecef09ad02eca7267357""]","[]","","[""evidence-expansion-flip2-d0e61ca2""]","",""
"acquired-protocol-e7121a74a668c30652c8","CAPRI round 61 predictor; submitted model 1; T315.1 · CAPRI round 61 T315.1","discovered","[""discovery-benchmark-capri""]","null","selection_required","Protocol-specific valid geometric or structural control","editorial_selection_rule","not_reviewed","Protocol-specific applicability, permitted inputs, access, split, evaluator and execution requirements need review before implementation or execution.","[]","[]","[""acquired-dataset-069fe6ae478ca089ae83""]","[]","","[""acquired-source-a1e1af10cf13322916ca""]","",""
"acquired-protocol-e7121a74a668c30652c8","CAPRI round 61 predictor; submitted model 1; T315.1 · CAPRI round 61 T315.1","discovered","[""discovery-benchmark-capri""]","conventional","selection_required","Upstream conventional structural reference with matched templates and cutoffs","editorial_selection_rule","not_reviewed","Protocol-specific applicability, permitted inputs, access, split, evaluator and execution requirements need review before implementation or execution.","[]","[]","[""acquired-dataset-069fe6ae478ca089ae83""]","[]","","[""acquired-source-a1e1af10cf13322916ca""]","",""
"acquired-protocol-eceec78306355eece4e7","BEELINE 2020 Figure 5 · hESC · {""reference_network"":""Non-specific ChIP-Seq"",""gene_selection"":""TFs+500""}","discovered","[""discovery-benchmark-beeline""]","null","selection_required","Seeded random network with matched node universe and density","editorial_selection_rule","not_reviewed","Protocol-specific applicability, permitted inputs, access, split, evaluator and execution requirements need review before implementation or execution.","[]","[]","[""acquired-dataset-65ec1a2e5ff66c7e38c6""]","[]","","[""acquired-source-31344fb7e5e8ae6b9666""]","",""
"acquired-protocol-eceec78306355eece4e7","BEELINE 2020 Figure 5 · hESC · {""reference_network"":""Non-specific ChIP-Seq"",""gene_selection"":""TFs+500""}","discovered","[""discovery-benchmark-beeline""]","conventional","selection_required","Upstream statistical network inference reference","editorial_selection_rule","not_reviewed","Protocol-specific applicability, permitted inputs, access, split, evaluator and execution requirements need review before implementation or execution.","[]","[]","[""acquired-dataset-65ec1a2e5ff66c7e38c6""]","[]","","[""acquired-source-31344fb7e5e8ae6b9666""]","",""
"acquired-protocol-ed315b25923fa3e1f9a6","FLIP2 TrpB by-position; held-out test set · TrpB","discovered","[""discovery-benchmark-flip2""]","null","selection_required","Training-set mean where supervised fitting is permitted","editorial_selection_rule","not_reviewed","Protocol-specific applicability, permitted inputs, access, split, evaluator and execution requirements need review before implementation or execution.","[]","[]","[""acquired-dataset-80c2f9413c0c60d9b53d""]","[]","","[""evidence-expansion-flip2-d0e61ca2""]","",""
"acquired-protocol-ed315b25923fa3e1f9a6","FLIP2 TrpB by-position; held-out test set · TrpB","discovered","[""discovery-benchmark-flip2""]","conventional","selection_required","Simple features with train-only ridge regression","editorial_selection_rule","not_reviewed","Protocol-specific applicability, permitted inputs, access, split, evaluator and execution requirements need review before implementation or execution.","[]","[]","[""acquired-dataset-80c2f9413c0c60d9b53d""]","[]","","[""evidence-expansion-flip2-d0e61ca2""]","",""
"acquired-protocol-ed61833eb749ba711c5b","BEELINE 2020 Figure 5 · mHSC-L · {""reference_network"":""Non-specific ChIP-Seq"",""gene_selection"":""TFs+500""}","discovered","[""discovery-benchmark-beeline""]","null","selection_required","Seeded random network with matched node universe and density","editorial_selection_rule","not_reviewed","Protocol-specific applicability, permitted inputs, access, split, evaluator and execution requirements need review before implementation or execution.","[]","[]","[""acquired-dataset-28bfd0c743b860070fc3""]","[]","","[""acquired-source-31344fb7e5e8ae6b9666""]","",""
"acquired-protocol-ed61833eb749ba711c5b","BEELINE 2020 Figure 5 · mHSC-L · {""reference_network"":""Non-specific ChIP-Seq"",""gene_selection"":""TFs+500""}","discovered","[""discovery-benchmark-beeline""]","conventional","selection_required","Upstream statistical network inference reference","editorial_selection_rule","not_reviewed","Protocol-specific applicability, permitted inputs, access, split, evaluator and execution requirements need review before implementation or execution.","[]","[]","[""acquired-dataset-28bfd0c743b860070fc3""]","[]","","[""acquired-source-31344fb7e5e8ae6b9666""]","",""
"acquired-protocol-edb7d264956f89df17fc","BEELINE 2020 Figure 5 · mDC · {""reference_network"":""STRING"",""gene_selection"":""TFs+500""}","discovered","[""discovery-benchmark-beeline""]","null","selection_required","Seeded random network with matched node universe and density","editorial_selection_rule","not_reviewed","Protocol-specific applicability, permitted inputs, access, split, evaluator and execution requirements need review before implementation or execution.","[]","[]","[""acquired-dataset-f123a29ec27fb4121b9b""]","[]","","[""acquired-source-31344fb7e5e8ae6b9666""]","",""
"acquired-protocol-edb7d264956f89df17fc","BEELINE 2020 Figure 5 · mDC · {""reference_network"":""STRING"",""gene_selection"":""TFs+500""}","discovered","[""discovery-benchmark-beeline""]","conventional","selection_required","Upstream statistical network inference reference","editorial_selection_rule","not_reviewed","Protocol-specific applicability, permitted inputs, access, split, evaluator and execution requirements need review before implementation or execution.","[]","[]","[""acquired-dataset-f123a29ec27fb4121b9b""]","[]","","[""acquired-source-31344fb7e5e8ae6b9666""]","",""
"acquired-protocol-f443b5fdaee9129f2b7a","CAMI II marine genome binning; pooled short-read gold-standard assembly; circular elements excluded · marmgCAMI2_short_read_pooled_gold_standard_assembly","discovered","[""discovery-benchmark-cami""]","null","selection_required","Protocol-valid abundance or assignment control","editorial_selection_rule","not_reviewed","Protocol-specific applicability, permitted inputs, access, split, evaluator and execution requirements need review before implementation or execution.","[]","[]","[""acquired-dataset-b3002a2c940171eead1a""]","[]","","[""acquired-source-f64302952624afe35a58""]","",""
"acquired-protocol-f443b5fdaee9129f2b7a","CAMI II marine genome binning; pooled short-read gold-standard assembly; circular elements excluded · marmgCAMI2_short_read_pooled_gold_standard_assembly","discovered","[""discovery-benchmark-cami""]","conventional","selection_required","Conventional reference-database method with pinned taxonomy/database","editorial_selection_rule","not_reviewed","Protocol-specific applicability, permitted inputs, access, split, evaluator and execution requirements need review before implementation or execution.","[]","[]","[""acquired-dataset-b3002a2c940171eead1a""]","[]","","[""acquired-source-f64302952624afe35a58""]","",""
"acquired-protocol-f4f5a4cb785dc55503bb","BEELINE 2020 Figure 5 · mHSC-E · {""reference_network"":""Non-specific ChIP-Seq"",""gene_selection"":""TFs+1000""}","discovered","[""discovery-benchmark-beeline""]","null","selection_required","Seeded random network with matched node universe and density","editorial_selection_rule","not_reviewed","Protocol-specific applicability, permitted inputs, access, split, evaluator and execution requirements need review before implementation or execution.","[]","[]","[""acquired-dataset-209f69705e52fadef590""]","[]","","[""acquired-source-31344fb7e5e8ae6b9666""]","",""
"acquired-protocol-f4f5a4cb785dc55503bb","BEELINE 2020 Figure 5 · mHSC-E · {""reference_network"":""Non-specific ChIP-Seq"",""gene_selection"":""TFs+1000""}","discovered","[""discovery-benchmark-beeline""]","conventional","selection_required","Upstream statistical network inference reference","editorial_selection_rule","not_reviewed","Protocol-specific applicability, permitted inputs, access, split, evaluator and execution requirements need review before implementation or execution.","[]","[]","[""acquired-dataset-209f69705e52fadef590""]","[]","","[""acquired-source-31344fb7e5e8ae6b9666""]","",""
"acquired-protocol-f6bd2f323f0f81692075","BEELINE 2020 Figure 5 · MHSC-GM · {""reference_network"":""Cell-type specific ChIP-Seq"",""gene_selection"":""TFs+500""}","discovered","[""discovery-benchmark-beeline""]","null","selection_required","Seeded random network with matched node universe and density","editorial_selection_rule","not_reviewed","Protocol-specific applicability, permitted inputs, access, split, evaluator and execution requirements need review before implementation or execution.","[]","[]","[""acquired-dataset-b77b1bfaec68191715de""]","[]","","[""acquired-source-31344fb7e5e8ae6b9666""]","",""
"acquired-protocol-f6bd2f323f0f81692075","BEELINE 2020 Figure 5 · MHSC-GM · {""reference_network"":""Cell-type specific ChIP-Seq"",""gene_selection"":""TFs+500""}","discovered","[""discovery-benchmark-beeline""]","conventional","selection_required","Upstream statistical network inference reference","editorial_selection_rule","not_reviewed","Protocol-specific applicability, permitted inputs, access, split, evaluator and execution requirements need review before implementation or execution.","[]","[]","[""acquired-dataset-b77b1bfaec68191715de""]","[]","","[""acquired-source-31344fb7e5e8ae6b9666""]","",""
"acquired-protocol-f6bf921e477601ffffec","BEELINE 2020 Figure 4 · mCAD · {}","discovered","[""discovery-benchmark-beeline""]","null","selection_required","Seeded random network with matched node universe and density","editorial_selection_rule","not_reviewed","Protocol-specific applicability, permitted inputs, access, split, evaluator and execution requirements need review before implementation or execution.","[]","[]","[""acquired-dataset-954ba0c9ef3608077f12""]","[]","","[""acquired-source-3156602fda847ae943b4""]","",""
"acquired-protocol-f6bf921e477601ffffec","BEELINE 2020 Figure 4 · mCAD · {}","discovered","[""discovery-benchmark-beeline""]","conventional","selection_required","Upstream statistical network inference reference","editorial_selection_rule","not_reviewed","Protocol-specific applicability, permitted inputs, access, split, evaluator and execution requirements need review before implementation or execution.","[]","[]","[""acquired-dataset-954ba0c9ef3608077f12""]","[]","","[""acquired-source-3156602fda847ae943b4""]","",""
"acquired-protocol-f7ef0c77a6155a1ff0d4","BEELINE 2020 Figure 5 · mHSC-L · {""reference_network"":""Cell-type specific ChIP-Seq"",""gene_selection"":""TFs+500""}","discovered","[""discovery-benchmark-beeline""]","null","selection_required","Seeded random network with matched node universe and density","editorial_selection_rule","not_reviewed","Protocol-specific applicability, permitted inputs, access, split, evaluator and execution requirements need review before implementation or execution.","[]","[]","[""acquired-dataset-28bfd0c743b860070fc3""]","[]","","[""acquired-source-31344fb7e5e8ae6b9666""]","",""
"acquired-protocol-f7ef0c77a6155a1ff0d4","BEELINE 2020 Figure 5 · mHSC-L · {""reference_network"":""Cell-type specific ChIP-Seq"",""gene_selection"":""TFs+500""}","discovered","[""discovery-benchmark-beeline""]","conventional","selection_required","Upstream statistical network inference reference","editorial_selection_rule","not_reviewed","Protocol-specific applicability, permitted inputs, access, split, evaluator and execution requirements need review before implementation or execution.","[]","[]","[""acquired-dataset-28bfd0c743b860070fc3""]","[]","","[""acquired-source-31344fb7e5e8ae6b9666""]","",""
"acquired-protocol-fabd886c5f7a9dbfdbab","BEELINE 2020 Figure 2 · BF · {}","discovered","[""discovery-benchmark-beeline""]","null","selection_required","Seeded random network with matched node universe and density","editorial_selection_rule","not_reviewed","Protocol-specific applicability, permitted inputs, access, split, evaluator and execution requirements need review before implementation or execution.","[]","[]","[""acquired-dataset-7e0de45766d1bcfa780c""]","[]","","[""acquired-source-0f6c059ffdc338b70a5c""]","",""
"acquired-protocol-fabd886c5f7a9dbfdbab","BEELINE 2020 Figure 2 · BF · {}","discovered","[""discovery-benchmark-beeline""]","conventional","selection_required","Upstream statistical network inference reference","editorial_selection_rule","not_reviewed","Protocol-specific applicability, permitted inputs, access, split, evaluator and execution requirements need review before implementation or execution.","[]","[]","[""acquired-dataset-7e0de45766d1bcfa780c""]","[]","","[""acquired-source-0f6c059ffdc338b70a5c""]","",""
"acquired-protocol-fbb04bf73e09481732c8","BEELINE 2020 Figure 5 · mESC · {""reference_network"":""Non-specific ChIP-Seq"",""gene_selection"":""TFs+1000""}","discovered","[""discovery-benchmark-beeline""]","null","selection_required","Seeded random network with matched node universe and density","editorial_selection_rule","not_reviewed","Protocol-specific applicability, permitted inputs, access, split, evaluator and execution requirements need review before implementation or execution.","[]","[]","[""acquired-dataset-5da9375e8c9626efb795""]","[]","","[""acquired-source-31344fb7e5e8ae6b9666""]","",""
"acquired-protocol-fbb04bf73e09481732c8","BEELINE 2020 Figure 5 · mESC · {""reference_network"":""Non-specific ChIP-Seq"",""gene_selection"":""TFs+1000""}","discovered","[""discovery-benchmark-beeline""]","conventional","selection_required","Upstream statistical network inference reference","editorial_selection_rule","not_reviewed","Protocol-specific applicability, permitted inputs, access, split, evaluator and execution requirements need review before implementation or execution.","[]","[]","[""acquired-dataset-5da9375e8c9626efb795""]","[]","","[""acquired-source-31344fb7e5e8ae6b9666""]","",""
"alphagenome-2026-t3-protocol-1","Human splice-site classification: RNA-derived (AlphaGenome paper)","needs_review","[]","null","selection_required","Training-set class prior where supervised fitting is permitted","editorial_selection_rule","not_reviewed","Protocol-specific applicability, permitted inputs, access, split, evaluator and execution requirements need review before implementation or execution.","[]","[]","[""alphagenome-2026-t3-dataset-1""]","[]","","[""evidence-official-56e5abfb5f12f1cd3b20"",""source-alphagenome-nature2026-supplementary-methods"",""source-alphagenome-nature2026-tables""]","",""
"alphagenome-2026-t3-protocol-1","Human splice-site classification: RNA-derived (AlphaGenome paper)","needs_review","[]","conventional","selection_required","Regularised classifier on simple permitted features, or protocol's conventional reference","editorial_selection_rule","not_reviewed","Protocol-specific applicability, permitted inputs, access, split, evaluator and execution requirements need review before implementation or execution.","[]","[]","[""alphagenome-2026-t3-dataset-1""]","[]","","[""evidence-official-56e5abfb5f12f1cd3b20"",""source-alphagenome-nature2026-supplementary-methods"",""source-alphagenome-nature2026-tables""]","",""
"alphagenome-2026-t3-protocol-10","CAGE track prediction at 32 bp (AlphaGenome paper)","needs_review","[]","null","selection_required","Select a task-valid null control after reviewing inputs and metric","editorial_selection_rule","not_reviewed","Protocol-specific applicability, permitted inputs, access, split, evaluator and execution requirements need review before implementation or execution.","[]","[]","[""alphagenome-2026-t3-dataset-10""]","[]","","[""evidence-official-56e5abfb5f12f1cd3b20"",""source-alphagenome-nature2026-supplementary-methods"",""source-alphagenome-nature2026-tables""]","",""
"alphagenome-2026-t3-protocol-10","CAGE track prediction at 32 bp (AlphaGenome paper)","needs_review","[]","conventional","selection_required","Select an upstream conventional reference after reviewing the full protocol","editorial_selection_rule","not_reviewed","Protocol-specific applicability, permitted inputs, access, split, evaluator and execution requirements need review before implementation or execution.","[]","[]","[""alphagenome-2026-t3-dataset-10""]","[]","","[""evidence-official-56e5abfb5f12f1cd3b20"",""source-alphagenome-nature2026-supplementary-methods"",""source-alphagenome-nature2026-tables""]","",""
"alphagenome-2026-t3-protocol-11","CAGE track prediction at 128 bp (AlphaGenome paper)","needs_review","[]","null","selection_required","Select a task-valid null control after reviewing inputs and metric","editorial_selection_rule","not_reviewed","Protocol-specific applicability, permitted inputs, access, split, evaluator and execution requirements need review before implementation or execution.","[]","[]","[""alphagenome-2026-t3-dataset-11""]","[]","","[""evidence-official-56e5abfb5f12f1cd3b20"",""source-alphagenome-nature2026-supplementary-methods"",""source-alphagenome-nature2026-tables""]","",""
"alphagenome-2026-t3-protocol-11","CAGE track prediction at 128 bp (AlphaGenome paper)","needs_review","[]","conventional","selection_required","Select an upstream conventional reference after reviewing the full protocol","editorial_selection_rule","not_reviewed","Protocol-specific applicability, permitted inputs, access, split, evaluator and execution requirements need review before implementation or execution.","[]","[]","[""alphagenome-2026-t3-dataset-11""]","[]","","[""evidence-official-56e5abfb5f12f1cd3b20"",""source-alphagenome-nature2026-supplementary-methods"",""source-alphagenome-nature2026-tables""]","",""
"alphagenome-2026-t3-protocol-12","Alternative polyadenylation coverage ratios (AlphaGenome paper)","needs_review","[]","null","selection_required","Select a task-valid null control after reviewing inputs and metric","editorial_selection_rule","not_reviewed","Protocol-specific applicability, permitted inputs, access, split, evaluator and execution requirements need review before implementation or execution.","[]","[]","[""alphagenome-2026-t3-dataset-12""]","[]","","[""evidence-official-56e5abfb5f12f1cd3b20"",""source-alphagenome-nature2026-supplementary-methods"",""source-alphagenome-nature2026-tables""]","",""
"alphagenome-2026-t3-protocol-12","Alternative polyadenylation coverage ratios (AlphaGenome paper)","needs_review","[]","conventional","selection_required","Select an upstream conventional reference after reviewing the full protocol","editorial_selection_rule","not_reviewed","Protocol-specific applicability, permitted inputs, access, split, evaluator and execution requirements need review before implementation or execution.","[]","[]","[""alphagenome-2026-t3-dataset-12""]","[]","","[""evidence-official-56e5abfb5f12f1cd3b20"",""source-alphagenome-nature2026-supplementary-methods"",""source-alphagenome-nature2026-tables""]","",""
"alphagenome-2026-t3-protocol-13","DNase prediction on held-out peaks (AlphaGenome paper)","needs_review","[]","null","selection_required","Select a task-valid null control after reviewing inputs and metric","editorial_selection_rule","not_reviewed","Protocol-specific applicability, permitted inputs, access, split, evaluator and execution requirements need review before implementation or execution.","[]","[]","[""alphagenome-2026-t3-dataset-13""]","[]","","[""evidence-official-56e5abfb5f12f1cd3b20"",""source-alphagenome-nature2026-supplementary-methods"",""source-alphagenome-nature2026-tables""]","",""
"alphagenome-2026-t3-protocol-13","DNase prediction on held-out peaks (AlphaGenome paper)","needs_review","[]","conventional","selection_required","Select an upstream conventional reference after reviewing the full protocol","editorial_selection_rule","not_reviewed","Protocol-specific applicability, permitted inputs, access, split, evaluator and execution requirements need review before implementation or execution.","[]","[]","[""alphagenome-2026-t3-dataset-13""]","[]","","[""evidence-official-56e5abfb5f12f1cd3b20"",""source-alphagenome-nature2026-supplementary-methods"",""source-alphagenome-nature2026-tables""]","",""
"alphagenome-2026-t3-protocol-14","DNase track prediction at 32 bp (AlphaGenome paper)","needs_review","[]","null","selection_required","Select a task-valid null control after reviewing inputs and metric","editorial_selection_rule","not_reviewed","Protocol-specific applicability, permitted inputs, access, split, evaluator and execution requirements need review before implementation or execution.","[]","[]","[""alphagenome-2026-t3-dataset-14""]","[]","","[""evidence-official-56e5abfb5f12f1cd3b20"",""source-alphagenome-nature2026-supplementary-methods"",""source-alphagenome-nature2026-tables""]","",""
"alphagenome-2026-t3-protocol-14","DNase track prediction at 32 bp (AlphaGenome paper)","needs_review","[]","conventional","selection_required","Select an upstream conventional reference after reviewing the full protocol","editorial_selection_rule","not_reviewed","Protocol-specific applicability, permitted inputs, access, split, evaluator and execution requirements need review before implementation or execution.","[]","[]","[""alphagenome-2026-t3-dataset-14""]","[]","","[""evidence-official-56e5abfb5f12f1cd3b20"",""source-alphagenome-nature2026-supplementary-methods"",""source-alphagenome-nature2026-tables""]","",""
"alphagenome-2026-t3-protocol-15","DNase track prediction at 128 bp (AlphaGenome paper)","needs_review","[]","null","selection_required","Select a task-valid null control after reviewing inputs and metric","editorial_selection_rule","not_reviewed","Protocol-specific applicability, permitted inputs, access, split, evaluator and execution requirements need review before implementation or execution.","[]","[]","[""alphagenome-2026-t3-dataset-15""]","[]","","[""evidence-official-56e5abfb5f12f1cd3b20"",""source-alphagenome-nature2026-supplementary-methods"",""source-alphagenome-nature2026-tables""]","",""
"alphagenome-2026-t3-protocol-15","DNase track prediction at 128 bp (AlphaGenome paper)","needs_review","[]","conventional","selection_required","Select an upstream conventional reference after reviewing the full protocol","editorial_selection_rule","not_reviewed","Protocol-specific applicability, permitted inputs, access, split, evaluator and execution requirements need review before implementation or execution.","[]","[]","[""alphagenome-2026-t3-dataset-15""]","[]","","[""evidence-official-56e5abfb5f12f1cd3b20"",""source-alphagenome-nature2026-supplementary-methods"",""source-alphagenome-nature2026-tables""]","",""
"alphagenome-2026-t3-protocol-16","ATAC prediction on held-out peaks (AlphaGenome paper)","needs_review","[]","null","selection_required","Select a task-valid null control after reviewing inputs and metric","editorial_selection_rule","not_reviewed","Protocol-specific applicability, permitted inputs, access, split, evaluator and execution requirements need review before implementation or execution.","[]","[]","[""alphagenome-2026-t3-dataset-16""]","[]","","[""evidence-official-56e5abfb5f12f1cd3b20"",""source-alphagenome-nature2026-supplementary-methods"",""source-alphagenome-nature2026-tables""]","",""
"alphagenome-2026-t3-protocol-16","ATAC prediction on held-out peaks (AlphaGenome paper)","needs_review","[]","conventional","selection_required","Select an upstream conventional reference after reviewing the full protocol","editorial_selection_rule","not_reviewed","Protocol-specific applicability, permitted inputs, access, split, evaluator and execution requirements need review before implementation or execution.","[]","[]","[""alphagenome-2026-t3-dataset-16""]","[]","","[""evidence-official-56e5abfb5f12f1cd3b20"",""source-alphagenome-nature2026-supplementary-methods"",""source-alphagenome-nature2026-tables""]","",""
"alphagenome-2026-t3-protocol-17","ATAC track prediction at 32 bp (AlphaGenome paper)","needs_review","[]","null","selection_required","Select a task-valid null control after reviewing inputs and metric","editorial_selection_rule","not_reviewed","Protocol-specific applicability, permitted inputs, access, split, evaluator and execution requirements need review before implementation or execution.","[]","[]","[""alphagenome-2026-t3-dataset-17""]","[]","","[""evidence-official-56e5abfb5f12f1cd3b20"",""source-alphagenome-nature2026-supplementary-methods"",""source-alphagenome-nature2026-tables""]","",""
"alphagenome-2026-t3-protocol-17","ATAC track prediction at 32 bp (AlphaGenome paper)","needs_review","[]","conventional","selection_required","Select an upstream conventional reference after reviewing the full protocol","editorial_selection_rule","not_reviewed","Protocol-specific applicability, permitted inputs, access, split, evaluator and execution requirements need review before implementation or execution.","[]","[]","[""alphagenome-2026-t3-dataset-17""]","[]","","[""evidence-official-56e5abfb5f12f1cd3b20"",""source-alphagenome-nature2026-supplementary-methods"",""source-alphagenome-nature2026-tables""]","",""
"alphagenome-2026-t3-protocol-18","ATAC track prediction at 128 bp (AlphaGenome paper)","needs_review","[]","null","selection_required","Select a task-valid null control after reviewing inputs and metric","editorial_selection_rule","not_reviewed","Protocol-specific applicability, permitted inputs, access, split, evaluator and execution requirements need review before implementation or execution.","[]","[]","[""alphagenome-2026-t3-dataset-18""]","[]","","[""evidence-official-56e5abfb5f12f1cd3b20"",""source-alphagenome-nature2026-supplementary-methods"",""source-alphagenome-nature2026-tables""]","",""
"alphagenome-2026-t3-protocol-18","ATAC track prediction at 128 bp (AlphaGenome paper)","needs_review","[]","conventional","selection_required","Select an upstream conventional reference after reviewing the full protocol","editorial_selection_rule","not_reviewed","Protocol-specific applicability, permitted inputs, access, split, evaluator and execution requirements need review before implementation or execution.","[]","[]","[""alphagenome-2026-t3-dataset-18""]","[]","","[""evidence-official-56e5abfb5f12f1cd3b20"",""source-alphagenome-nature2026-supplementary-methods"",""source-alphagenome-nature2026-tables""]","",""
"alphagenome-2026-t3-protocol-19","histone ChIP-seq track prediction at 32 bp (AlphaGenome paper)","needs_review","[]","null","selection_required","Select a task-valid null control after reviewing inputs and metric","editorial_selection_rule","not_reviewed","Protocol-specific applicability, permitted inputs, access, split, evaluator and execution requirements need review before implementation or execution.","[]","[]","[""alphagenome-2026-t3-dataset-19""]","[]","","[""evidence-official-56e5abfb5f12f1cd3b20"",""source-alphagenome-nature2026-supplementary-methods"",""source-alphagenome-nature2026-tables""]","",""
"alphagenome-2026-t3-protocol-19","histone ChIP-seq track prediction at 32 bp (AlphaGenome paper)","needs_review","[]","conventional","selection_required","Select an upstream conventional reference after reviewing the full protocol","editorial_selection_rule","not_reviewed","Protocol-specific applicability, permitted inputs, access, split, evaluator and execution requirements need review before implementation or execution.","[]","[]","[""alphagenome-2026-t3-dataset-19""]","[]","","[""evidence-official-56e5abfb5f12f1cd3b20"",""source-alphagenome-nature2026-supplementary-methods"",""source-alphagenome-nature2026-tables""]","",""
"alphagenome-2026-t3-protocol-2","Human splice-site classification: annotation-derived (AlphaGenome paper)","needs_review","[]","null","selection_required","Training-set class prior where supervised fitting is permitted","editorial_selection_rule","not_reviewed","Protocol-specific applicability, permitted inputs, access, split, evaluator and execution requirements need review before implementation or execution.","[]","[]","[""alphagenome-2026-t3-dataset-2""]","[]","","[""evidence-official-56e5abfb5f12f1cd3b20"",""source-alphagenome-nature2026-supplementary-methods"",""source-alphagenome-nature2026-tables""]","",""
"alphagenome-2026-t3-protocol-2","Human splice-site classification: annotation-derived (AlphaGenome paper)","needs_review","[]","conventional","selection_required","Regularised classifier on simple permitted features, or protocol's conventional reference","editorial_selection_rule","not_reviewed","Protocol-specific applicability, permitted inputs, access, split, evaluator and execution requirements need review before implementation or execution.","[]","[]","[""alphagenome-2026-t3-dataset-2""]","[]","","[""evidence-official-56e5abfb5f12f1cd3b20"",""source-alphagenome-nature2026-supplementary-methods"",""source-alphagenome-nature2026-tables""]","",""
"alphagenome-2026-t3-protocol-20","histone ChIP-seq track prediction at 128 bp (AlphaGenome paper)","needs_review","[]","null","selection_required","Select a task-valid null control after reviewing inputs and metric","editorial_selection_rule","not_reviewed","Protocol-specific applicability, permitted inputs, access, split, evaluator and execution requirements need review before implementation or execution.","[]","[]","[""alphagenome-2026-t3-dataset-20""]","[]","","[""evidence-official-56e5abfb5f12f1cd3b20"",""source-alphagenome-nature2026-supplementary-methods"",""source-alphagenome-nature2026-tables""]","",""
"alphagenome-2026-t3-protocol-20","histone ChIP-seq track prediction at 128 bp (AlphaGenome paper)","needs_review","[]","conventional","selection_required","Select an upstream conventional reference after reviewing the full protocol","editorial_selection_rule","not_reviewed","Protocol-specific applicability, permitted inputs, access, split, evaluator and execution requirements need review before implementation or execution.","[]","[]","[""alphagenome-2026-t3-dataset-20""]","[]","","[""evidence-official-56e5abfb5f12f1cd3b20"",""source-alphagenome-nature2026-supplementary-methods"",""source-alphagenome-nature2026-tables""]","",""
"alphagenome-2026-t3-protocol-21","TF ChIP-seq track prediction at 32 bp (AlphaGenome paper)","needs_review","[]","null","selection_required","Select a task-valid null control after reviewing inputs and metric","editorial_selection_rule","not_reviewed","Protocol-specific applicability, permitted inputs, access, split, evaluator and execution requirements need review before implementation or execution.","[]","[]","[""alphagenome-2026-t3-dataset-21""]","[]","","[""evidence-official-56e5abfb5f12f1cd3b20"",""source-alphagenome-nature2026-supplementary-methods"",""source-alphagenome-nature2026-tables""]","",""
"alphagenome-2026-t3-protocol-21","TF ChIP-seq track prediction at 32 bp (AlphaGenome paper)","needs_review","[]","conventional","selection_required","Select an upstream conventional reference after reviewing the full protocol","editorial_selection_rule","not_reviewed","Protocol-specific applicability, permitted inputs, access, split, evaluator and execution requirements need review before implementation or execution.","[]","[]","[""alphagenome-2026-t3-dataset-21""]","[]","","[""evidence-official-56e5abfb5f12f1cd3b20"",""source-alphagenome-nature2026-supplementary-methods"",""source-alphagenome-nature2026-tables""]","",""
"alphagenome-2026-t3-protocol-22","TF ChIP-seq track prediction at 128 bp (AlphaGenome paper)","needs_review","[]","null","selection_required","Select a task-valid null control after reviewing inputs and metric","editorial_selection_rule","not_reviewed","Protocol-specific applicability, permitted inputs, access, split, evaluator and execution requirements need review before implementation or execution.","[]","[]","[""alphagenome-2026-t3-dataset-22""]","[]","","[""evidence-official-56e5abfb5f12f1cd3b20"",""source-alphagenome-nature2026-supplementary-methods"",""source-alphagenome-nature2026-tables""]","",""
"alphagenome-2026-t3-protocol-22","TF ChIP-seq track prediction at 128 bp (AlphaGenome paper)","needs_review","[]","conventional","selection_required","Select an upstream conventional reference after reviewing the full protocol","editorial_selection_rule","not_reviewed","Protocol-specific applicability, permitted inputs, access, split, evaluator and execution requirements need review before implementation or execution.","[]","[]","[""alphagenome-2026-t3-dataset-22""]","[]","","[""evidence-official-56e5abfb5f12f1cd3b20"",""source-alphagenome-nature2026-supplementary-methods"",""source-alphagenome-nature2026-tables""]","",""
"alphagenome-2026-t3-protocol-23","chromatin contact-map prediction (AlphaGenome paper)","needs_review","[]","null","selection_required","Select a task-valid null control after reviewing inputs and metric","editorial_selection_rule","not_reviewed","Protocol-specific applicability, permitted inputs, access, split, evaluator and execution requirements need review before implementation or execution.","[]","[]","[""alphagenome-2026-t3-dataset-23""]","[]","","[""evidence-official-56e5abfb5f12f1cd3b20"",""source-alphagenome-nature2026-supplementary-methods"",""source-alphagenome-nature2026-tables""]","",""
"alphagenome-2026-t3-protocol-23","chromatin contact-map prediction (AlphaGenome paper)","needs_review","[]","conventional","selection_required","Select an upstream conventional reference after reviewing the full protocol","editorial_selection_rule","not_reviewed","Protocol-specific applicability, permitted inputs, access, split, evaluator and execution requirements need review before implementation or execution.","[]","[]","[""alphagenome-2026-t3-dataset-23""]","[]","","[""evidence-official-56e5abfb5f12f1cd3b20"",""source-alphagenome-nature2026-supplementary-methods"",""source-alphagenome-nature2026-tables""]","",""
"alphagenome-2026-t3-protocol-24","Cell-type difference in chromatin contact-map prediction (AlphaGenome paper)","needs_review","[]","null","selection_required","Select a task-valid null control after reviewing inputs and metric","editorial_selection_rule","not_reviewed","Protocol-specific applicability, permitted inputs, access, split, evaluator and execution requirements need review before implementation or execution.","[]","[]","[""alphagenome-2026-t3-dataset-24""]","[]","","[""evidence-official-56e5abfb5f12f1cd3b20"",""source-alphagenome-nature2026-supplementary-methods"",""source-alphagenome-nature2026-tables""]","",""
"alphagenome-2026-t3-protocol-24","Cell-type difference in chromatin contact-map prediction (AlphaGenome paper)","needs_review","[]","conventional","selection_required","Select an upstream conventional reference after reviewing the full protocol","editorial_selection_rule","not_reviewed","Protocol-specific applicability, permitted inputs, access, split, evaluator and execution requirements need review before implementation or execution.","[]","[]","[""alphagenome-2026-t3-dataset-24""]","[]","","[""evidence-official-56e5abfb5f12f1cd3b20"",""source-alphagenome-nature2026-supplementary-methods"",""source-alphagenome-nature2026-tables""]","",""
"alphagenome-2026-t3-protocol-3","Human splice-site usage (AlphaGenome paper)","needs_review","[]","null","selection_required","Training-set class prior where supervised fitting is permitted","editorial_selection_rule","not_reviewed","Protocol-specific applicability, permitted inputs, access, split, evaluator and execution requirements need review before implementation or execution.","[]","[]","[""alphagenome-2026-t3-dataset-3""]","[]","","[""evidence-official-56e5abfb5f12f1cd3b20"",""source-alphagenome-nature2026-supplementary-methods"",""source-alphagenome-nature2026-tables""]","",""
"alphagenome-2026-t3-protocol-3","Human splice-site usage (AlphaGenome paper)","needs_review","[]","conventional","selection_required","Regularised classifier on simple permitted features, or protocol's conventional reference","editorial_selection_rule","not_reviewed","Protocol-specific applicability, permitted inputs, access, split, evaluator and execution requirements need review before implementation or execution.","[]","[]","[""alphagenome-2026-t3-dataset-3""]","[]","","[""evidence-official-56e5abfb5f12f1cd3b20"",""source-alphagenome-nature2026-supplementary-methods"",""source-alphagenome-nature2026-tables""]","",""
"alphagenome-2026-t3-protocol-4","Human splice-junction classification and count prediction (AlphaGenome paper)","needs_review","[]","null","selection_required","Training-set class prior where supervised fitting is permitted","editorial_selection_rule","not_reviewed","Protocol-specific applicability, permitted inputs, access, split, evaluator and execution requirements need review before implementation or execution.","[]","[]","[""alphagenome-2026-t3-dataset-4""]","[]","","[""evidence-official-56e5abfb5f12f1cd3b20"",""source-alphagenome-nature2026-supplementary-methods"",""source-alphagenome-nature2026-tables""]","",""
"alphagenome-2026-t3-protocol-4","Human splice-junction classification and count prediction (AlphaGenome paper)","needs_review","[]","conventional","selection_required","Regularised classifier on simple permitted features, or protocol's conventional reference","editorial_selection_rule","not_reviewed","Protocol-specific applicability, permitted inputs, access, split, evaluator and execution requirements need review before implementation or execution.","[]","[]","[""alphagenome-2026-t3-dataset-4""]","[]","","[""evidence-official-56e5abfb5f12f1cd3b20"",""source-alphagenome-nature2026-supplementary-methods"",""source-alphagenome-nature2026-tables""]","",""
"alphagenome-2026-t3-protocol-5","Base-resolution RNA-seq prediction (AlphaGenome paper)","needs_review","[]","null","selection_required","Select a task-valid null control after reviewing inputs and metric","editorial_selection_rule","not_reviewed","Protocol-specific applicability, permitted inputs, access, split, evaluator and execution requirements need review before implementation or execution.","[]","[]","[""alphagenome-2026-t3-dataset-5""]","[]","","[""evidence-official-56e5abfb5f12f1cd3b20"",""source-alphagenome-nature2026-supplementary-methods"",""source-alphagenome-nature2026-tables""]","",""
"alphagenome-2026-t3-protocol-5","Base-resolution RNA-seq prediction (AlphaGenome paper)","needs_review","[]","conventional","selection_required","Select an upstream conventional reference after reviewing the full protocol","editorial_selection_rule","not_reviewed","Protocol-specific applicability, permitted inputs, access, split, evaluator and execution requirements need review before implementation or execution.","[]","[]","[""alphagenome-2026-t3-dataset-5""]","[]","","[""evidence-official-56e5abfb5f12f1cd3b20"",""source-alphagenome-nature2026-supplementary-methods"",""source-alphagenome-nature2026-tables""]","",""
"alphagenome-2026-t3-protocol-6","RNA-seq track prediction at 32 bp (AlphaGenome paper)","needs_review","[]","null","selection_required","Select a task-valid null control after reviewing inputs and metric","editorial_selection_rule","not_reviewed","Protocol-specific applicability, permitted inputs, access, split, evaluator and execution requirements need review before implementation or execution.","[]","[]","[""alphagenome-2026-t3-dataset-6""]","[]","","[""evidence-official-56e5abfb5f12f1cd3b20"",""source-alphagenome-nature2026-supplementary-methods"",""source-alphagenome-nature2026-tables""]","",""
"alphagenome-2026-t3-protocol-6","RNA-seq track prediction at 32 bp (AlphaGenome paper)","needs_review","[]","conventional","selection_required","Select an upstream conventional reference after reviewing the full protocol","editorial_selection_rule","not_reviewed","Protocol-specific applicability, permitted inputs, access, split, evaluator and execution requirements need review before implementation or execution.","[]","[]","[""alphagenome-2026-t3-dataset-6""]","[]","","[""evidence-official-56e5abfb5f12f1cd3b20"",""source-alphagenome-nature2026-supplementary-methods"",""source-alphagenome-nature2026-tables""]","",""
"alphagenome-2026-t3-protocol-7","RNA expression correlation across genes (AlphaGenome paper)","needs_review","[]","null","selection_required","Select a task-valid null control after reviewing inputs and metric","editorial_selection_rule","not_reviewed","Protocol-specific applicability, permitted inputs, access, split, evaluator and execution requirements need review before implementation or execution.","[]","[]","[""alphagenome-2026-t3-dataset-7""]","[]","","[""evidence-official-56e5abfb5f12f1cd3b20"",""source-alphagenome-nature2026-supplementary-methods"",""source-alphagenome-nature2026-tables""]","",""
"alphagenome-2026-t3-protocol-7","RNA expression correlation across genes (AlphaGenome paper)","needs_review","[]","conventional","selection_required","Select an upstream conventional reference after reviewing the full protocol","editorial_selection_rule","not_reviewed","Protocol-specific applicability, permitted inputs, access, split, evaluator and execution requirements need review before implementation or execution.","[]","[]","[""alphagenome-2026-t3-dataset-7""]","[]","","[""evidence-official-56e5abfb5f12f1cd3b20"",""source-alphagenome-nature2026-supplementary-methods"",""source-alphagenome-nature2026-tables""]","",""
"alphagenome-2026-t3-protocol-8","RNA expression correlation across tracks (AlphaGenome paper)","needs_review","[]","null","selection_required","Select a task-valid null control after reviewing inputs and metric","editorial_selection_rule","not_reviewed","Protocol-specific applicability, permitted inputs, access, split, evaluator and execution requirements need review before implementation or execution.","[]","[]","[""alphagenome-2026-t3-dataset-8""]","[]","","[""evidence-official-56e5abfb5f12f1cd3b20"",""source-alphagenome-nature2026-supplementary-methods"",""source-alphagenome-nature2026-tables""]","",""
"alphagenome-2026-t3-protocol-8","RNA expression correlation across tracks (AlphaGenome paper)","needs_review","[]","conventional","selection_required","Select an upstream conventional reference after reviewing the full protocol","editorial_selection_rule","not_reviewed","Protocol-specific applicability, permitted inputs, access, split, evaluator and execution requirements need review before implementation or execution.","[]","[]","[""alphagenome-2026-t3-dataset-8""]","[]","","[""evidence-official-56e5abfb5f12f1cd3b20"",""source-alphagenome-nature2026-supplementary-methods"",""source-alphagenome-nature2026-tables""]","",""
"alphagenome-2026-t3-protocol-9","PRO-cap prediction on held-out peaks (AlphaGenome paper)","needs_review","[]","null","selection_required","Select a task-valid null control after reviewing inputs and metric","editorial_selection_rule","not_reviewed","Protocol-specific applicability, permitted inputs, access, split, evaluator and execution requirements need review before implementation or execution.","[]","[]","[""alphagenome-2026-t3-dataset-9""]","[]","","[""evidence-official-56e5abfb5f12f1cd3b20"",""source-alphagenome-nature2026-supplementary-methods"",""source-alphagenome-nature2026-tables""]","",""
"alphagenome-2026-t3-protocol-9","PRO-cap prediction on held-out peaks (AlphaGenome paper)","needs_review","[]","conventional","selection_required","Select an upstream conventional reference after reviewing the full protocol","editorial_selection_rule","not_reviewed","Protocol-specific applicability, permitted inputs, access, split, evaluator and execution requirements need review before implementation or execution.","[]","[]","[""alphagenome-2026-t3-dataset-9""]","[]","","[""evidence-official-56e5abfb5f12f1cd3b20"",""source-alphagenome-nature2026-supplementary-methods"",""source-alphagenome-nature2026-tables""]","",""
"alphagenome-2026-t4-protocol-1","Missense variants splicing-based classification (AlphaGenome paper)","needs_review","[]","null","selection_required","Training-set class prior where supervised fitting is permitted","editorial_selection_rule","not_reviewed","Protocol-specific applicability, permitted inputs, access, split, evaluator and execution requirements need review before implementation or execution.","[]","[]","[""alphagenome-2026-t4-dataset-1""]","[]","","[""evidence-official-56e5abfb5f12f1cd3b20"",""source-alphagenome-nature2026-supplementary-methods"",""source-alphagenome-nature2026-tables""]","",""
"alphagenome-2026-t4-protocol-1","Missense variants splicing-based classification (AlphaGenome paper)","needs_review","[]","conventional","selection_required","Regularised classifier on simple permitted features, or protocol's conventional reference","editorial_selection_rule","not_reviewed","Protocol-specific applicability, permitted inputs, access, split, evaluator and execution requirements need review before implementation or execution.","[]","[]","[""alphagenome-2026-t4-dataset-1""]","[]","","[""evidence-official-56e5abfb5f12f1cd3b20"",""source-alphagenome-nature2026-supplementary-methods"",""source-alphagenome-nature2026-tables""]","",""
"alphagenome-2026-t4-protocol-10","Supervised multimodal CAGI5 MPRA prediction (AlphaGenome paper)","needs_review","[]","null","selection_required","Select a task-valid null control after reviewing inputs and metric","editorial_selection_rule","not_reviewed","Protocol-specific applicability, permitted inputs, access, split, evaluator and execution requirements need review before implementation or execution.","[]","[]","[""alphagenome-2026-t4-dataset-10""]","[]","","[""evidence-official-56e5abfb5f12f1cd3b20"",""source-alphagenome-nature2026-supplementary-methods"",""source-alphagenome-nature2026-tables""]","",""
"alphagenome-2026-t4-protocol-10","Supervised multimodal CAGI5 MPRA prediction (AlphaGenome paper)","needs_review","[]","conventional","selection_required","Select an upstream conventional reference after reviewing the full protocol","editorial_selection_rule","not_reviewed","Protocol-specific applicability, permitted inputs, access, split, evaluator and execution requirements need review before implementation or execution.","[]","[]","[""alphagenome-2026-t4-dataset-10""]","[]","","[""evidence-official-56e5abfb5f12f1cd3b20"",""source-alphagenome-nature2026-supplementary-methods"",""source-alphagenome-nature2026-tables""]","",""
"alphagenome-2026-t4-protocol-11","Zero-shot distance-balanced eQTL causality (AlphaGenome paper)","needs_review","[]","null","selection_required","Protocol-valid seeded random ranking; no fitting on assay labels","editorial_selection_rule","not_reviewed","Protocol-specific applicability, permitted inputs, access, split, evaluator and execution requirements need review before implementation or execution.","[]","[]","[""alphagenome-2026-t4-dataset-11""]","[]","","[""evidence-official-56e5abfb5f12f1cd3b20"",""source-alphagenome-nature2026-supplementary-methods"",""source-alphagenome-nature2026-tables""]","",""
"alphagenome-2026-t4-protocol-11","Zero-shot distance-balanced eQTL causality (AlphaGenome paper)","needs_review","[]","conventional","selection_required","Established label-free reference with explicitly permitted sequence/MSA inputs","editorial_selection_rule","not_reviewed","Protocol-specific applicability, permitted inputs, access, split, evaluator and execution requirements need review before implementation or execution.","[]","[]","[""alphagenome-2026-t4-dataset-11""]","[]","","[""evidence-official-56e5abfb5f12f1cd3b20"",""source-alphagenome-nature2026-supplementary-methods"",""source-alphagenome-nature2026-tables""]","",""
"alphagenome-2026-t4-protocol-12","Supervised distance-balanced eQTL causality (AlphaGenome paper)","needs_review","[]","null","selection_required","Select a task-valid null control after reviewing inputs and metric","editorial_selection_rule","not_reviewed","Protocol-specific applicability, permitted inputs, access, split, evaluator and execution requirements need review before implementation or execution.","[]","[]","[""alphagenome-2026-t4-dataset-12""]","[]","","[""evidence-official-56e5abfb5f12f1cd3b20"",""source-alphagenome-nature2026-supplementary-methods"",""source-alphagenome-nature2026-tables""]","",""
"alphagenome-2026-t4-protocol-12","Supervised distance-balanced eQTL causality (AlphaGenome paper)","needs_review","[]","conventional","selection_required","Select an upstream conventional reference after reviewing the full protocol","editorial_selection_rule","not_reviewed","Protocol-specific applicability, permitted inputs, access, split, evaluator and execution requirements need review before implementation or execution.","[]","[]","[""alphagenome-2026-t4-dataset-12""]","[]","","[""evidence-official-56e5abfb5f12f1cd3b20"",""source-alphagenome-nature2026-supplementary-methods"",""source-alphagenome-nature2026-tables""]","",""
"alphagenome-2026-t4-protocol-13","eQTL effect-size ranking (AlphaGenome paper)","needs_review","[]","null","selection_required","Select a task-valid null control after reviewing inputs and metric","editorial_selection_rule","not_reviewed","Protocol-specific applicability, permitted inputs, access, split, evaluator and execution requirements need review before implementation or execution.","[]","[]","[""alphagenome-2026-t4-dataset-13""]","[]","","[""evidence-official-56e5abfb5f12f1cd3b20"",""source-alphagenome-nature2026-supplementary-methods"",""source-alphagenome-nature2026-tables""]","",""
"alphagenome-2026-t4-protocol-13","eQTL effect-size ranking (AlphaGenome paper)","needs_review","[]","conventional","selection_required","Select an upstream conventional reference after reviewing the full protocol","editorial_selection_rule","not_reviewed","Protocol-specific applicability, permitted inputs, access, split, evaluator and execution requirements need review before implementation or execution.","[]","[]","[""alphagenome-2026-t4-dataset-13""]","[]","","[""evidence-official-56e5abfb5f12f1cd3b20"",""source-alphagenome-nature2026-supplementary-methods"",""source-alphagenome-nature2026-tables""]","",""
"alphagenome-2026-t4-protocol-14","eQTL effect direction (AlphaGenome paper)","needs_review","[]","null","selection_required","Select a task-valid null control after reviewing inputs and metric","editorial_selection_rule","not_reviewed","Protocol-specific applicability, permitted inputs, access, split, evaluator and execution requirements need review before implementation or execution.","[]","[]","[""alphagenome-2026-t4-dataset-14""]","[]","","[""evidence-official-56e5abfb5f12f1cd3b20"",""source-alphagenome-nature2026-supplementary-methods"",""source-alphagenome-nature2026-tables""]","",""
"alphagenome-2026-t4-protocol-14","eQTL effect direction (AlphaGenome paper)","needs_review","[]","conventional","selection_required","Select an upstream conventional reference after reviewing the full protocol","editorial_selection_rule","not_reviewed","Protocol-specific applicability, permitted inputs, access, split, evaluator and execution requirements need review before implementation or execution.","[]","[]","[""alphagenome-2026-t4-dataset-14""]","[]","","[""evidence-official-56e5abfb5f12f1cd3b20"",""source-alphagenome-nature2026-supplementary-methods"",""source-alphagenome-nature2026-tables""]","",""
"alphagenome-2026-t4-protocol-15","Zero-shot enhancer–gene linking (AlphaGenome paper)","needs_review","[]","null","selection_required","Protocol-valid seeded random ranking; no fitting on assay labels","editorial_selection_rule","not_reviewed","Protocol-specific applicability, permitted inputs, access, split, evaluator and execution requirements need review before implementation or execution.","[]","[]","[""alphagenome-2026-t4-dataset-15""]","[]","","[""evidence-official-56e5abfb5f12f1cd3b20"",""source-alphagenome-nature2026-supplementary-methods"",""source-alphagenome-nature2026-tables""]","",""
"alphagenome-2026-t4-protocol-15","Zero-shot enhancer–gene linking (AlphaGenome paper)","needs_review","[]","conventional","selection_required","Established label-free reference with explicitly permitted sequence/MSA inputs","editorial_selection_rule","not_reviewed","Protocol-specific applicability, permitted inputs, access, split, evaluator and execution requirements need review before implementation or execution.","[]","[]","[""alphagenome-2026-t4-dataset-15""]","[]","","[""evidence-official-56e5abfb5f12f1cd3b20"",""source-alphagenome-nature2026-supplementary-methods"",""source-alphagenome-nature2026-tables""]","",""
"alphagenome-2026-t4-protocol-16","Supervised enhancer–gene linking (AlphaGenome paper)","needs_review","[]","null","selection_required","Select a task-valid null control after reviewing inputs and metric","editorial_selection_rule","not_reviewed","Protocol-specific applicability, permitted inputs, access, split, evaluator and execution requirements need review before implementation or execution.","[]","[]","[""alphagenome-2026-t4-dataset-16""]","[]","","[""evidence-official-56e5abfb5f12f1cd3b20"",""source-alphagenome-nature2026-supplementary-methods"",""source-alphagenome-nature2026-tables""]","",""
"alphagenome-2026-t4-protocol-16","Supervised enhancer–gene linking (AlphaGenome paper)","needs_review","[]","conventional","selection_required","Select an upstream conventional reference after reviewing the full protocol","editorial_selection_rule","not_reviewed","Protocol-specific applicability, permitted inputs, access, split, evaluator and execution requirements need review before implementation or execution.","[]","[]","[""alphagenome-2026-t4-dataset-16""]","[]","","[""evidence-official-56e5abfb5f12f1cd3b20"",""source-alphagenome-nature2026-supplementary-methods"",""source-alphagenome-nature2026-tables""]","",""
"alphagenome-2026-t4-protocol-17","African-ancestry LCL caQTL classification (AlphaGenome paper)","needs_review","[]","null","selection_required","Training-set class prior where supervised fitting is permitted","editorial_selection_rule","not_reviewed","Protocol-specific applicability, permitted inputs, access, split, evaluator and execution requirements need review before implementation or execution.","[]","[]","[""alphagenome-2026-t4-dataset-17""]","[]","","[""evidence-official-56e5abfb5f12f1cd3b20"",""source-alphagenome-nature2026-supplementary-methods"",""source-alphagenome-nature2026-tables""]","",""
"alphagenome-2026-t4-protocol-17","African-ancestry LCL caQTL classification (AlphaGenome paper)","needs_review","[]","conventional","selection_required","Regularised classifier on simple permitted features, or protocol's conventional reference","editorial_selection_rule","not_reviewed","Protocol-specific applicability, permitted inputs, access, split, evaluator and execution requirements need review before implementation or execution.","[]","[]","[""alphagenome-2026-t4-dataset-17""]","[]","","[""evidence-official-56e5abfb5f12f1cd3b20"",""source-alphagenome-nature2026-supplementary-methods"",""source-alphagenome-nature2026-tables""]","",""
"alphagenome-2026-t4-protocol-18","European-ancestry LCL caQTL classification (AlphaGenome paper)","needs_review","[]","null","selection_required","Training-set class prior where supervised fitting is permitted","editorial_selection_rule","not_reviewed","Protocol-specific applicability, permitted inputs, access, split, evaluator and execution requirements need review before implementation or execution.","[]","[]","[""alphagenome-2026-t4-dataset-18""]","[]","","[""evidence-official-56e5abfb5f12f1cd3b20"",""source-alphagenome-nature2026-supplementary-methods"",""source-alphagenome-nature2026-tables""]","",""
"alphagenome-2026-t4-protocol-18","European-ancestry LCL caQTL classification (AlphaGenome paper)","needs_review","[]","conventional","selection_required","Regularised classifier on simple permitted features, or protocol's conventional reference","editorial_selection_rule","not_reviewed","Protocol-specific applicability, permitted inputs, access, split, evaluator and execution requirements need review before implementation or execution.","[]","[]","[""alphagenome-2026-t4-dataset-18""]","[]","","[""evidence-official-56e5abfb5f12f1cd3b20"",""source-alphagenome-nature2026-supplementary-methods"",""source-alphagenome-nature2026-tables""]","",""
"alphagenome-2026-t4-protocol-19","Yoruba LCL dsQTL classification (AlphaGenome paper)","needs_review","[]","null","selection_required","Training-set class prior where supervised fitting is permitted","editorial_selection_rule","not_reviewed","Protocol-specific applicability, permitted inputs, access, split, evaluator and execution requirements need review before implementation or execution.","[]","[]","[""alphagenome-2026-t4-dataset-19""]","[]","","[""evidence-official-56e5abfb5f12f1cd3b20"",""source-alphagenome-nature2026-supplementary-methods"",""source-alphagenome-nature2026-tables""]","",""
"alphagenome-2026-t4-protocol-19","Yoruba LCL dsQTL classification (AlphaGenome paper)","needs_review","[]","conventional","selection_required","Regularised classifier on simple permitted features, or protocol's conventional reference","editorial_selection_rule","not_reviewed","Protocol-specific applicability, permitted inputs, access, split, evaluator and execution requirements need review before implementation or execution.","[]","[]","[""alphagenome-2026-t4-dataset-19""]","[]","","[""evidence-official-56e5abfb5f12f1cd3b20"",""source-alphagenome-nature2026-supplementary-methods"",""source-alphagenome-nature2026-tables""]","",""
"alphagenome-2026-t4-protocol-2","Deep intronic and synonymous variants splicing-based classification (AlphaGenome paper)","needs_review","[]","null","selection_required","Training-set class prior where supervised fitting is permitted","editorial_selection_rule","not_reviewed","Protocol-specific applicability, permitted inputs, access, split, evaluator and execution requirements need review before implementation or execution.","[]","[]","[""alphagenome-2026-t4-dataset-2""]","[]","","[""evidence-official-56e5abfb5f12f1cd3b20"",""source-alphagenome-nature2026-supplementary-methods"",""source-alphagenome-nature2026-tables""]","",""
"alphagenome-2026-t4-protocol-2","Deep intronic and synonymous variants splicing-based classification (AlphaGenome paper)","needs_review","[]","conventional","selection_required","Regularised classifier on simple permitted features, or protocol's conventional reference","editorial_selection_rule","not_reviewed","Protocol-specific applicability, permitted inputs, access, split, evaluator and execution requirements need review before implementation or execution.","[]","[]","[""alphagenome-2026-t4-dataset-2""]","[]","","[""evidence-official-56e5abfb5f12f1cd3b20"",""source-alphagenome-nature2026-supplementary-methods"",""source-alphagenome-nature2026-tables""]","",""
"alphagenome-2026-t4-protocol-20","African-ancestry LCL caQTL effect-size prediction (AlphaGenome paper)","needs_review","[]","null","selection_required","Select a task-valid null control after reviewing inputs and metric","editorial_selection_rule","not_reviewed","Protocol-specific applicability, permitted inputs, access, split, evaluator and execution requirements need review before implementation or execution.","[]","[]","[""alphagenome-2026-t4-dataset-20""]","[]","","[""evidence-official-56e5abfb5f12f1cd3b20"",""source-alphagenome-nature2026-supplementary-methods"",""source-alphagenome-nature2026-tables""]","",""
"alphagenome-2026-t4-protocol-20","African-ancestry LCL caQTL effect-size prediction (AlphaGenome paper)","needs_review","[]","conventional","selection_required","Select an upstream conventional reference after reviewing the full protocol","editorial_selection_rule","not_reviewed","Protocol-specific applicability, permitted inputs, access, split, evaluator and execution requirements need review before implementation or execution.","[]","[]","[""alphagenome-2026-t4-dataset-20""]","[]","","[""evidence-official-56e5abfb5f12f1cd3b20"",""source-alphagenome-nature2026-supplementary-methods"",""source-alphagenome-nature2026-tables""]","",""
"alphagenome-2026-t4-protocol-21","European-ancestry LCL caQTL effect-size prediction (AlphaGenome paper)","needs_review","[]","null","selection_required","Select a task-valid null control after reviewing inputs and metric","editorial_selection_rule","not_reviewed","Protocol-specific applicability, permitted inputs, access, split, evaluator and execution requirements need review before implementation or execution.","[]","[]","[""alphagenome-2026-t4-dataset-21""]","[]","","[""evidence-official-56e5abfb5f12f1cd3b20"",""source-alphagenome-nature2026-supplementary-methods"",""source-alphagenome-nature2026-tables""]","",""
"alphagenome-2026-t4-protocol-21","European-ancestry LCL caQTL effect-size prediction (AlphaGenome paper)","needs_review","[]","conventional","selection_required","Select an upstream conventional reference after reviewing the full protocol","editorial_selection_rule","not_reviewed","Protocol-specific applicability, permitted inputs, access, split, evaluator and execution requirements need review before implementation or execution.","[]","[]","[""alphagenome-2026-t4-dataset-21""]","[]","","[""evidence-official-56e5abfb5f12f1cd3b20"",""source-alphagenome-nature2026-supplementary-methods"",""source-alphagenome-nature2026-tables""]","",""
"alphagenome-2026-t4-protocol-22","Yoruba LCL dsQTL effect-size prediction (AlphaGenome paper)","needs_review","[]","null","selection_required","Select a task-valid null control after reviewing inputs and metric","editorial_selection_rule","not_reviewed","Protocol-specific applicability, permitted inputs, access, split, evaluator and execution requirements need review before implementation or execution.","[]","[]","[""alphagenome-2026-t4-dataset-22""]","[]","","[""evidence-official-56e5abfb5f12f1cd3b20"",""source-alphagenome-nature2026-supplementary-methods"",""source-alphagenome-nature2026-tables""]","",""
"alphagenome-2026-t4-protocol-22","Yoruba LCL dsQTL effect-size prediction (AlphaGenome paper)","needs_review","[]","conventional","selection_required","Select an upstream conventional reference after reviewing the full protocol","editorial_selection_rule","not_reviewed","Protocol-specific applicability, permitted inputs, access, split, evaluator and execution requirements need review before implementation or execution.","[]","[]","[""alphagenome-2026-t4-dataset-22""]","[]","","[""evidence-official-56e5abfb5f12f1cd3b20"",""source-alphagenome-nature2026-supplementary-methods"",""source-alphagenome-nature2026-tables""]","",""
"alphagenome-2026-t4-protocol-23","Microglia caQTL effect-size prediction (AlphaGenome paper)","needs_review","[]","null","selection_required","Select a task-valid null control after reviewing inputs and metric","editorial_selection_rule","not_reviewed","Protocol-specific applicability, permitted inputs, access, split, evaluator and execution requirements need review before implementation or execution.","[]","[]","[""alphagenome-2026-t4-dataset-23""]","[]","","[""evidence-official-56e5abfb5f12f1cd3b20"",""source-alphagenome-nature2026-supplementary-methods"",""source-alphagenome-nature2026-tables""]","",""
"alphagenome-2026-t4-protocol-23","Microglia caQTL effect-size prediction (AlphaGenome paper)","needs_review","[]","conventional","selection_required","Select an upstream conventional reference after reviewing the full protocol","editorial_selection_rule","not_reviewed","Protocol-specific applicability, permitted inputs, access, split, evaluator and execution requirements need review before implementation or execution.","[]","[]","[""alphagenome-2026-t4-dataset-23""]","[]","","[""evidence-official-56e5abfb5f12f1cd3b20"",""source-alphagenome-nature2026-supplementary-methods"",""source-alphagenome-nature2026-tables""]","",""
"alphagenome-2026-t4-protocol-24","Coronary smooth-muscle caQTL effect-size prediction (AlphaGenome paper)","needs_review","[]","null","selection_required","Select a task-valid null control after reviewing inputs and metric","editorial_selection_rule","not_reviewed","Protocol-specific applicability, permitted inputs, access, split, evaluator and execution requirements need review before implementation or execution.","[]","[]","[""alphagenome-2026-t4-dataset-24""]","[]","","[""evidence-official-56e5abfb5f12f1cd3b20"",""source-alphagenome-nature2026-supplementary-methods"",""source-alphagenome-nature2026-tables""]","",""
"alphagenome-2026-t4-protocol-24","Coronary smooth-muscle caQTL effect-size prediction (AlphaGenome paper)","needs_review","[]","conventional","selection_required","Select an upstream conventional reference after reviewing the full protocol","editorial_selection_rule","not_reviewed","Protocol-specific applicability, permitted inputs, access, split, evaluator and execution requirements need review before implementation or execution.","[]","[]","[""alphagenome-2026-t4-dataset-24""]","[]","","[""evidence-official-56e5abfb5f12f1cd3b20"",""source-alphagenome-nature2026-supplementary-methods"",""source-alphagenome-nature2026-tables""]","",""
"alphagenome-2026-t4-protocol-25","SPI1 binding QTL classification (AlphaGenome paper)","needs_review","[]","null","selection_required","Training-set class prior where supervised fitting is permitted","editorial_selection_rule","not_reviewed","Protocol-specific applicability, permitted inputs, access, split, evaluator and execution requirements need review before implementation or execution.","[]","[]","[""alphagenome-2026-t4-dataset-25""]","[]","","[""evidence-official-56e5abfb5f12f1cd3b20"",""source-alphagenome-nature2026-supplementary-methods"",""source-alphagenome-nature2026-tables""]","",""
"alphagenome-2026-t4-protocol-25","SPI1 binding QTL classification (AlphaGenome paper)","needs_review","[]","conventional","selection_required","Regularised classifier on simple permitted features, or protocol's conventional reference","editorial_selection_rule","not_reviewed","Protocol-specific applicability, permitted inputs, access, split, evaluator and execution requirements need review before implementation or execution.","[]","[]","[""alphagenome-2026-t4-dataset-25""]","[]","","[""evidence-official-56e5abfb5f12f1cd3b20"",""source-alphagenome-nature2026-supplementary-methods"",""source-alphagenome-nature2026-tables""]","",""
"alphagenome-2026-t4-protocol-26","SPI1 binding QTL effect-size prediction (AlphaGenome paper)","needs_review","[]","null","selection_required","Select a task-valid null control after reviewing inputs and metric","editorial_selection_rule","not_reviewed","Protocol-specific applicability, permitted inputs, access, split, evaluator and execution requirements need review before implementation or execution.","[]","[]","[""alphagenome-2026-t4-dataset-26""]","[]","","[""evidence-official-56e5abfb5f12f1cd3b20"",""source-alphagenome-nature2026-supplementary-methods"",""source-alphagenome-nature2026-tables""]","",""
"alphagenome-2026-t4-protocol-26","SPI1 binding QTL effect-size prediction (AlphaGenome paper)","needs_review","[]","conventional","selection_required","Select an upstream conventional reference after reviewing the full protocol","editorial_selection_rule","not_reviewed","Protocol-specific applicability, permitted inputs, access, split, evaluator and execution requirements need review before implementation or execution.","[]","[]","[""alphagenome-2026-t4-dataset-26""]","[]","","[""evidence-official-56e5abfb5f12f1cd3b20"",""source-alphagenome-nature2026-supplementary-methods"",""source-alphagenome-nature2026-tables""]","",""
"alphagenome-2026-t4-protocol-3","Splice-site-region variants splicing-based classification (AlphaGenome paper)","needs_review","[]","null","selection_required","Training-set class prior where supervised fitting is permitted","editorial_selection_rule","not_reviewed","Protocol-specific applicability, permitted inputs, access, split, evaluator and execution requirements need review before implementation or execution.","[]","[]","[""alphagenome-2026-t4-dataset-3""]","[]","","[""evidence-official-56e5abfb5f12f1cd3b20"",""source-alphagenome-nature2026-supplementary-methods"",""source-alphagenome-nature2026-tables""]","",""
"alphagenome-2026-t4-protocol-3","Splice-site-region variants splicing-based classification (AlphaGenome paper)","needs_review","[]","conventional","selection_required","Regularised classifier on simple permitted features, or protocol's conventional reference","editorial_selection_rule","not_reviewed","Protocol-specific applicability, permitted inputs, access, split, evaluator and execution requirements need review before implementation or execution.","[]","[]","[""alphagenome-2026-t4-dataset-3""]","[]","","[""evidence-official-56e5abfb5f12f1cd3b20"",""source-alphagenome-nature2026-supplementary-methods"",""source-alphagenome-nature2026-tables""]","",""
"alphagenome-2026-t4-protocol-4","Splicing-QTL causality (AlphaGenome paper)","needs_review","[]","null","selection_required","Select a task-valid null control after reviewing inputs and metric","editorial_selection_rule","not_reviewed","Protocol-specific applicability, permitted inputs, access, split, evaluator and execution requirements need review before implementation or execution.","[]","[]","[""alphagenome-2026-t4-dataset-4""]","[]","","[""evidence-official-56e5abfb5f12f1cd3b20"",""source-alphagenome-nature2026-supplementary-methods"",""source-alphagenome-nature2026-tables""]","",""
"alphagenome-2026-t4-protocol-4","Splicing-QTL causality (AlphaGenome paper)","needs_review","[]","conventional","selection_required","Select an upstream conventional reference after reviewing the full protocol","editorial_selection_rule","not_reviewed","Protocol-specific applicability, permitted inputs, access, split, evaluator and execution requirements need review before implementation or execution.","[]","[]","[""alphagenome-2026-t4-dataset-4""]","[]","","[""evidence-official-56e5abfb5f12f1cd3b20"",""source-alphagenome-nature2026-supplementary-methods"",""source-alphagenome-nature2026-tables""]","",""
"alphagenome-2026-t4-protocol-5","Zero-shot GTEx splicing-outlier prediction (AlphaGenome paper)","needs_review","[]","null","selection_required","Protocol-valid seeded random ranking; no fitting on assay labels","editorial_selection_rule","not_reviewed","Protocol-specific applicability, permitted inputs, access, split, evaluator and execution requirements need review before implementation or execution.","[]","[]","[""alphagenome-2026-t4-dataset-5""]","[]","","[""evidence-official-56e5abfb5f12f1cd3b20"",""source-alphagenome-nature2026-supplementary-methods"",""source-alphagenome-nature2026-tables""]","",""
"alphagenome-2026-t4-protocol-5","Zero-shot GTEx splicing-outlier prediction (AlphaGenome paper)","needs_review","[]","conventional","selection_required","Established label-free reference with explicitly permitted sequence/MSA inputs","editorial_selection_rule","not_reviewed","Protocol-specific applicability, permitted inputs, access, split, evaluator and execution requirements need review before implementation or execution.","[]","[]","[""alphagenome-2026-t4-dataset-5""]","[]","","[""evidence-official-56e5abfb5f12f1cd3b20"",""source-alphagenome-nature2026-supplementary-methods"",""source-alphagenome-nature2026-tables""]","",""
"alphagenome-2026-t4-protocol-6","Supervised GTEx splicing-outlier prediction (AlphaGenome paper)","needs_review","[]","null","selection_required","Select a task-valid null control after reviewing inputs and metric","editorial_selection_rule","not_reviewed","Protocol-specific applicability, permitted inputs, access, split, evaluator and execution requirements need review before implementation or execution.","[]","[]","[""alphagenome-2026-t4-dataset-6""]","[]","","[""evidence-official-56e5abfb5f12f1cd3b20"",""source-alphagenome-nature2026-supplementary-methods"",""source-alphagenome-nature2026-tables""]","",""
"alphagenome-2026-t4-protocol-6","Supervised GTEx splicing-outlier prediction (AlphaGenome paper)","needs_review","[]","conventional","selection_required","Select an upstream conventional reference after reviewing the full protocol","editorial_selection_rule","not_reviewed","Protocol-specific applicability, permitted inputs, access, split, evaluator and execution requirements need review before implementation or execution.","[]","[]","[""alphagenome-2026-t4-dataset-6""]","[]","","[""evidence-official-56e5abfb5f12f1cd3b20"",""source-alphagenome-nature2026-supplementary-methods"",""source-alphagenome-nature2026-tables""]","",""
"alphagenome-2026-t4-protocol-7","Author MFASS splice-disruption prediction (AlphaGenome paper)","needs_review","[]","null","selection_required","Training-set class prior where supervised fitting is permitted","editorial_selection_rule","not_reviewed","Protocol-specific applicability, permitted inputs, access, split, evaluator and execution requirements need review before implementation or execution.","[]","[]","[""alphagenome-2026-t4-dataset-7""]","[]","","[""evidence-official-56e5abfb5f12f1cd3b20"",""source-alphagenome-nature2026-supplementary-methods"",""source-alphagenome-nature2026-tables""]","",""
"alphagenome-2026-t4-protocol-7","Author MFASS splice-disruption prediction (AlphaGenome paper)","needs_review","[]","conventional","selection_required","Regularised classifier on simple permitted features, or protocol's conventional reference","editorial_selection_rule","not_reviewed","Protocol-specific applicability, permitted inputs, access, split, evaluator and execution requirements need review before implementation or execution.","[]","[]","[""alphagenome-2026-t4-dataset-7""]","[]","","[""evidence-official-56e5abfb5f12f1cd3b20"",""source-alphagenome-nature2026-supplementary-methods"",""source-alphagenome-nature2026-tables""]","",""
"alphagenome-2026-t4-protocol-8","Polyadenylation-QTL causality (AlphaGenome paper)","needs_review","[]","null","selection_required","Select a task-valid null control after reviewing inputs and metric","editorial_selection_rule","not_reviewed","Protocol-specific applicability, permitted inputs, access, split, evaluator and execution requirements need review before implementation or execution.","[]","[]","[""alphagenome-2026-t4-dataset-8""]","[]","","[""evidence-official-56e5abfb5f12f1cd3b20"",""source-alphagenome-nature2026-supplementary-methods"",""source-alphagenome-nature2026-tables""]","",""
"alphagenome-2026-t4-protocol-8","Polyadenylation-QTL causality (AlphaGenome paper)","needs_review","[]","conventional","selection_required","Select an upstream conventional reference after reviewing the full protocol","editorial_selection_rule","not_reviewed","Protocol-specific applicability, permitted inputs, access, split, evaluator and execution requirements need review before implementation or execution.","[]","[]","[""alphagenome-2026-t4-dataset-8""]","[]","","[""evidence-official-56e5abfb5f12f1cd3b20"",""source-alphagenome-nature2026-supplementary-methods"",""source-alphagenome-nature2026-tables""]","",""
"alphagenome-2026-t4-protocol-9-row10","Zero-shot CAGI5 MPRA activity-effect prediction (chrombpnet-matched comparison) (AlphaGenome paper)","needs_review","[]","null","selection_required","Protocol-valid seeded random ranking; no fitting on assay labels","editorial_selection_rule","not_reviewed","Protocol-specific applicability, permitted inputs, access, split, evaluator and execution requirements need review before implementation or execution.","[]","[]","[""alphagenome-2026-t4-dataset-9-row10""]","[]","","[""evidence-official-56e5abfb5f12f1cd3b20"",""source-alphagenome-nature2026-supplementary-methods"",""source-alphagenome-nature2026-tables""]","",""
"alphagenome-2026-t4-protocol-9-row10","Zero-shot CAGI5 MPRA activity-effect prediction (chrombpnet-matched comparison) (AlphaGenome paper)","needs_review","[]","conventional","selection_required","Established label-free reference with explicitly permitted sequence/MSA inputs","editorial_selection_rule","not_reviewed","Protocol-specific applicability, permitted inputs, access, split, evaluator and execution requirements need review before implementation or execution.","[]","[]","[""alphagenome-2026-t4-dataset-9-row10""]","[]","","[""evidence-official-56e5abfb5f12f1cd3b20"",""source-alphagenome-nature2026-supplementary-methods"",""source-alphagenome-nature2026-tables""]","",""
"alphagenome-2026-t4-protocol-9-row11","Zero-shot CAGI5 MPRA activity-effect prediction (borzoi-ensemble-matched comparison) (AlphaGenome paper)","needs_review","[]","null","selection_required","Protocol-valid seeded random ranking; no fitting on assay labels","editorial_selection_rule","not_reviewed","Protocol-specific applicability, permitted inputs, access, split, evaluator and execution requirements need review before implementation or execution.","[]","[]","[""alphagenome-2026-t4-dataset-9-row11""]","[]","","[""evidence-official-56e5abfb5f12f1cd3b20"",""source-alphagenome-nature2026-supplementary-methods"",""source-alphagenome-nature2026-tables""]","",""
"alphagenome-2026-t4-protocol-9-row11","Zero-shot CAGI5 MPRA activity-effect prediction (borzoi-ensemble-matched comparison) (AlphaGenome paper)","needs_review","[]","conventional","selection_required","Established label-free reference with explicitly permitted sequence/MSA inputs","editorial_selection_rule","not_reviewed","Protocol-specific applicability, permitted inputs, access, split, evaluator and execution requirements need review before implementation or execution.","[]","[]","[""alphagenome-2026-t4-dataset-9-row11""]","[]","","[""evidence-official-56e5abfb5f12f1cd3b20"",""source-alphagenome-nature2026-supplementary-methods"",""source-alphagenome-nature2026-tables""]","",""
"paper-protocol-07cf559d2f1f9262e7","SJC test split (protein-small molecule binding-site prediction)","needs_review","[]","null","selection_required","Training-set class prior where supervised fitting is permitted","editorial_selection_rule","not_reviewed","Protocol-specific applicability, permitted inputs, access, split, evaluator and execution requirements need review before implementation or execution.","[]","[]","[""paper-dataset-623c309e2fb4d39ef8""]","[]","","[""clape-smb-2024""]","",""
"paper-protocol-07cf559d2f1f9262e7","SJC test split (protein-small molecule binding-site prediction)","needs_review","[]","conventional","selection_required","Regularised classifier on simple permitted features, or protocol's conventional reference","editorial_selection_rule","not_reviewed","Protocol-specific applicability, permitted inputs, access, split, evaluator and execution requirements need review before implementation or execution.","[]","[]","[""paper-dataset-623c309e2fb4d39ef8""]","[]","","[""clape-smb-2024""]","",""
"paper-protocol-0c5a1c5ef6896a2d96","CASF-2016 ranking (Protein–ligand binding affinity scoring)","needs_review","[]","null","selection_required","Protocol-specific valid geometric or structural control","editorial_selection_rule","not_reviewed","Protocol-specific applicability, permitted inputs, access, split, evaluator and execution requirements need review before implementation or execution.","[]","[]","[""paper-dataset-1586129df956852448""]","[]","","[""akscore-2020""]","",""
"paper-protocol-0c5a1c5ef6896a2d96","CASF-2016 ranking (Protein–ligand binding affinity scoring)","needs_review","[]","conventional","selection_required","Upstream conventional structural reference with matched templates and cutoffs","editorial_selection_rule","not_reviewed","Protocol-specific applicability, permitted inputs, access, split, evaluator and execution requirements need review before implementation or execution.","[]","[]","[""paper-dataset-1586129df956852448""]","[]","","[""akscore-2020""]","",""
"paper-protocol-0d66c7cabff9d799d5","SugarBase taxonomy · Species (GlycanML taxonomy prediction)","needs_review","[""discovery-benchmark-glycanml""]","null","selection_required","Select a task-valid null control after reviewing inputs and metric","editorial_selection_rule","not_reviewed","Protocol-specific applicability, permitted inputs, access, split, evaluator and execution requirements need review before implementation or execution.","[]","[]","[""paper-dataset-4c48251022ccb53313""]","[]","","[""expansion-p3-glycanml-2405-16206v1""]","",""
"paper-protocol-0d66c7cabff9d799d5","SugarBase taxonomy · Species (GlycanML taxonomy prediction)","needs_review","[""discovery-benchmark-glycanml""]","conventional","selection_required","Select an upstream conventional reference after reviewing the full protocol","editorial_selection_rule","not_reviewed","Protocol-specific applicability, permitted inputs, access, split, evaluator and execution requirements need review before implementation or execution.","[]","[]","[""paper-dataset-4c48251022ccb53313""]","[]","","[""expansion-p3-glycanml-2405-16206v1""]","",""
"paper-protocol-1080592b8d6a8ce0bd","Species profiling on Dilthey2019 simulated long reads (Long-read taxonomic profiling)","needs_review","[]","null","selection_required","Select a task-valid null control after reviewing inputs and metric","editorial_selection_rule","not_reviewed","Protocol-specific applicability, permitted inputs, access, split, evaluator and execution requirements need review before implementation or execution.","[]","[]","[""paper-dataset-e8eb310c5d40e647ac""]","[]","","[""part2-lemur-magnet-2024""]","",""
"paper-protocol-1080592b8d6a8ce0bd","Species profiling on Dilthey2019 simulated long reads (Long-read taxonomic profiling)","needs_review","[]","conventional","selection_required","Select an upstream conventional reference after reviewing the full protocol","editorial_selection_rule","not_reviewed","Protocol-specific applicability, permitted inputs, access, split, evaluator and execution requirements need review before implementation or execution.","[]","[]","[""paper-dataset-e8eb310c5d40e647ac""]","[]","","[""part2-lemur-magnet-2024""]","",""
"paper-protocol-1352834b9391c1dacb","Held-out human-versus-virus protein classification (human-versus-viral protein classification)","needs_review","[]","null","selection_required","Training-set class prior where supervised fitting is permitted","editorial_selection_rule","not_reviewed","Protocol-specific applicability, permitted inputs, access, split, evaluator and execution requirements need review before implementation or execution.","[]","[]","[""reported-dataset-43f24c4dfb7351""]","[]","","[""part2-viral-immune-mimicry-2025""]","",""
"paper-protocol-1352834b9391c1dacb","Held-out human-versus-virus protein classification (human-versus-viral protein classification)","needs_review","[]","conventional","selection_required","Regularised classifier on simple permitted features, or protocol's conventional reference","editorial_selection_rule","not_reviewed","Protocol-specific applicability, permitted inputs, access, split, evaluator and execution requirements need review before implementation or execution.","[]","[]","[""reported-dataset-43f24c4dfb7351""]","[]","","[""part2-viral-immune-mimicry-2025""]","",""
"paper-protocol-1e0e586e8edab0dc26","GlyConnect glycosylation · Glycos (GlycanML glycosylation type prediction)","needs_review","[""discovery-benchmark-glycanml""]","null","selection_required","Select a task-valid null control after reviewing inputs and metric","editorial_selection_rule","not_reviewed","Protocol-specific applicability, permitted inputs, access, split, evaluator and execution requirements need review before implementation or execution.","[]","[]","[""paper-dataset-e797e17c76c1278706""]","[]","","[""expansion-p3-glycanml-2405-16206v1""]","",""
"paper-protocol-1e0e586e8edab0dc26","GlyConnect glycosylation · Glycos (GlycanML glycosylation type prediction)","needs_review","[""discovery-benchmark-glycanml""]","conventional","selection_required","Select an upstream conventional reference after reviewing the full protocol","editorial_selection_rule","not_reviewed","Protocol-specific applicability, permitted inputs, access, split, evaluator and execution requirements need review before implementation or execution.","[]","[]","[""paper-dataset-e797e17c76c1278706""]","[]","","[""expansion-p3-glycanml-2405-16206v1""]","",""
"paper-protocol-1e7bb17e6ce294d906","MassSpecGym · formula (MassSpecGym Molecule retrieval)","needs_review","[""discovery-benchmark-massspecgym""]","null","selection_required","Select a task-valid null control after reviewing inputs and metric","editorial_selection_rule","not_reviewed","Protocol-specific applicability, permitted inputs, access, split, evaluator and execution requirements need review before implementation or execution.","[]","[]","[""paper-dataset-e3dee7ae24615eecfb""]","[]","","[""part2-massspecgym-arxiv-v1""]","",""
"paper-protocol-1e7bb17e6ce294d906","MassSpecGym · formula (MassSpecGym Molecule retrieval)","needs_review","[""discovery-benchmark-massspecgym""]","conventional","selection_required","Select an upstream conventional reference after reviewing the full protocol","editorial_selection_rule","not_reviewed","Protocol-specific applicability, permitted inputs, access, split, evaluator and execution requirements need review before implementation or execution.","[]","[]","[""paper-dataset-e3dee7ae24615eecfb""]","[]","","[""part2-massspecgym-arxiv-v1""]","",""
"paper-protocol-1e891689a18fea3b65","Human RNA 2OMe sites, five-fold cross-validation (human RNA 2-prime-O-methylation site prediction)","needs_review","[]","null","selection_required","Protocol-valid structural control","editorial_selection_rule","not_reviewed","Protocol-specific applicability, permitted inputs, access, split, evaluator and execution requirements need review before implementation or execution.","[]","[]","[""reported-dataset-bd3d8e7d6cd196""]","[]","","[""2ome-lm-2025""]","",""
"paper-protocol-1e891689a18fea3b65","Human RNA 2OMe sites, five-fold cross-validation (human RNA 2-prime-O-methylation site prediction)","needs_review","[]","conventional","selection_required","Thermodynamic folding with protocol-compatible input constraints","editorial_selection_rule","not_reviewed","Protocol-specific applicability, permitted inputs, access, split, evaluator and execution requirements need review before implementation or execution.","[]","[]","[""reported-dataset-bd3d8e7d6cd196""]","[]","","[""2ome-lm-2025""]","",""
"paper-protocol-1edc32c80b0223fef1","real_test PPI held-out evaluation (protein-protein interaction prediction)","needs_review","[]","null","selection_required","Select a task-valid null control after reviewing inputs and metric","editorial_selection_rule","not_reviewed","Protocol-specific applicability, permitted inputs, access, split, evaluator and execution requirements need review before implementation or execution.","[]","[]","[""paper-dataset-a825ad55756b359150""]","[]","","[""part2-esm2-amp-2025""]","",""
"paper-protocol-1edc32c80b0223fef1","real_test PPI held-out evaluation (protein-protein interaction prediction)","needs_review","[]","conventional","selection_required","Select an upstream conventional reference after reviewing the full protocol","editorial_selection_rule","not_reviewed","Protocol-specific applicability, permitted inputs, access, split, evaluator and execution requirements need review before implementation or execution.","[]","[]","[""paper-dataset-a825ad55756b359150""]","[]","","[""part2-esm2-amp-2025""]","",""
"paper-protocol-208a8085432aa64eb2","bpRNA-TS0 (RNA secondary structure)","needs_review","[]","null","selection_required","Protocol-valid structural control","editorial_selection_rule","not_reviewed","Protocol-specific applicability, permitted inputs, access, split, evaluator and execution requirements need review before implementation or execution.","[]","[]","[""paper-dataset-9a595197e5581413b6""]","[]","","[""bpfold-2025""]","",""
"paper-protocol-208a8085432aa64eb2","bpRNA-TS0 (RNA secondary structure)","needs_review","[]","conventional","selection_required","Thermodynamic folding with protocol-compatible input constraints","editorial_selection_rule","not_reviewed","Protocol-specific applicability, permitted inputs, access, split, evaluator and execution requirements need review before implementation or execution.","[]","[]","[""paper-dataset-9a595197e5581413b6""]","[]","","[""bpfold-2025""]","",""
"paper-protocol-31d4bca49fb09d2e6f","CASF-2016 scoring (Protein–ligand binding affinity scoring)","needs_review","[]","null","selection_required","Protocol-specific valid geometric or structural control","editorial_selection_rule","not_reviewed","Protocol-specific applicability, permitted inputs, access, split, evaluator and execution requirements need review before implementation or execution.","[]","[]","[""reported-dataset-f18fcc23dfa798""]","[]","","[""akscore-2020""]","",""
"paper-protocol-31d4bca49fb09d2e6f","CASF-2016 scoring (Protein–ligand binding affinity scoring)","needs_review","[]","conventional","selection_required","Upstream conventional structural reference with matched templates and cutoffs","editorial_selection_rule","not_reviewed","Protocol-specific applicability, permitted inputs, access, split, evaluator and execution requirements need review before implementation or execution.","[]","[]","[""reported-dataset-f18fcc23dfa798""]","[]","","[""akscore-2020""]","",""
"paper-protocol-41c6e227215346177d","Genome-wide prophage detection (Genome-wide prophage detection)","needs_review","[]","null","selection_required","Select a task-valid null control after reviewing inputs and metric","editorial_selection_rule","not_reviewed","Protocol-specific applicability, permitted inputs, access, split, evaluator and execution requirements need review before implementation or execution.","[]","[]","[""reported-dataset-1b4f6ea24c0587""]","[]","","[""part2-lambda-prophage-2026""]","",""
"paper-protocol-41c6e227215346177d","Genome-wide prophage detection (Genome-wide prophage detection)","needs_review","[]","conventional","selection_required","Select an upstream conventional reference after reviewing the full protocol","editorial_selection_rule","not_reviewed","Protocol-specific applicability, permitted inputs, access, split, evaluator and execution requirements need review before implementation or execution.","[]","[]","[""reported-dataset-1b4f6ea24c0587""]","[]","","[""part2-lambda-prophage-2026""]","",""
"paper-protocol-468fdd0f4237c041d5","SugarBase taxonomy · Kingdom (GlycanML taxonomy prediction)","needs_review","[""discovery-benchmark-glycanml""]","null","selection_required","Select a task-valid null control after reviewing inputs and metric","editorial_selection_rule","not_reviewed","Protocol-specific applicability, permitted inputs, access, split, evaluator and execution requirements need review before implementation or execution.","[]","[]","[""paper-dataset-d7ac4e0285fbaefcab""]","[]","","[""expansion-p3-glycanml-2405-16206v1""]","",""
"paper-protocol-468fdd0f4237c041d5","SugarBase taxonomy · Kingdom (GlycanML taxonomy prediction)","needs_review","[""discovery-benchmark-glycanml""]","conventional","selection_required","Select an upstream conventional reference after reviewing the full protocol","editorial_selection_rule","not_reviewed","Protocol-specific applicability, permitted inputs, access, split, evaluator and execution requirements need review before implementation or execution.","[]","[]","[""paper-dataset-d7ac4e0285fbaefcab""]","[]","","[""expansion-p3-glycanml-2405-16206v1""]","",""
"paper-protocol-4c3af10c18f615709d","Rfam12.3–14.10 (RNA secondary structure)","needs_review","[]","null","selection_required","Protocol-valid structural control","editorial_selection_rule","not_reviewed","Protocol-specific applicability, permitted inputs, access, split, evaluator and execution requirements need review before implementation or execution.","[]","[]","[""paper-dataset-816ebb930725137655""]","[]","","[""bpfold-2025""]","",""
"paper-protocol-4c3af10c18f615709d","Rfam12.3–14.10 (RNA secondary structure)","needs_review","[]","conventional","selection_required","Thermodynamic folding with protocol-compatible input constraints","editorial_selection_rule","not_reviewed","Protocol-specific applicability, permitted inputs, access, split, evaluator and execution requirements need review before implementation or execution.","[]","[]","[""paper-dataset-816ebb930725137655""]","[]","","[""bpfold-2025""]","",""
"paper-protocol-5d42ac5481b1c071e4","MassSpecGym · formula (MassSpecGym De novo molecule generation)","needs_review","[""discovery-benchmark-massspecgym""]","null","selection_required","Select a task-valid null control after reviewing inputs and metric","editorial_selection_rule","not_reviewed","Protocol-specific applicability, permitted inputs, access, split, evaluator and execution requirements need review before implementation or execution.","[]","[]","[""paper-dataset-3f9a5b3d0316153887""]","[]","","[""part2-massspecgym-arxiv-v1""]","",""
"paper-protocol-5d42ac5481b1c071e4","MassSpecGym · formula (MassSpecGym De novo molecule generation)","needs_review","[""discovery-benchmark-massspecgym""]","conventional","selection_required","Select an upstream conventional reference after reviewing the full protocol","editorial_selection_rule","not_reviewed","Protocol-specific applicability, permitted inputs, access, split, evaluator and execution requirements need review before implementation or execution.","[]","[]","[""paper-dataset-3f9a5b3d0316153887""]","[]","","[""part2-massspecgym-arxiv-v1""]","",""
"paper-protocol-5d8ed22461594b6dbe","MassSpecGym · formula (MassSpecGym Spectrum simulation)","needs_review","[""discovery-benchmark-massspecgym""]","null","selection_required","Select a task-valid null control after reviewing inputs and metric","editorial_selection_rule","not_reviewed","Protocol-specific applicability, permitted inputs, access, split, evaluator and execution requirements need review before implementation or execution.","[]","[]","[""paper-dataset-712fb45862f6d8614f""]","[]","","[""part2-massspecgym-arxiv-v1""]","",""
"paper-protocol-5d8ed22461594b6dbe","MassSpecGym · formula (MassSpecGym Spectrum simulation)","needs_review","[""discovery-benchmark-massspecgym""]","conventional","selection_required","Select an upstream conventional reference after reviewing the full protocol","editorial_selection_rule","not_reviewed","Protocol-specific applicability, permitted inputs, access, split, evaluator and execution requirements need review before implementation or execution.","[]","[]","[""paper-dataset-712fb45862f6d8614f""]","[]","","[""part2-massspecgym-arxiv-v1""]","",""
"paper-protocol-6821afc366eb11d0c6","TF-cell-type binding on held-out chromosomes8and9 (transcription-factor DNA binding-site prediction)","needs_review","[]","null","selection_required","Select a task-valid null control after reviewing inputs and metric","editorial_selection_rule","not_reviewed","Protocol-specific applicability, permitted inputs, access, split, evaluator and execution requirements need review before implementation or execution.","[]","[]","[""reported-dataset-034c60a2dabc73""]","[]","","[""part2-transbind-2026""]","",""
"paper-protocol-6821afc366eb11d0c6","TF-cell-type binding on held-out chromosomes8and9 (transcription-factor DNA binding-site prediction)","needs_review","[]","conventional","selection_required","Select an upstream conventional reference after reviewing the full protocol","editorial_selection_rule","not_reviewed","Protocol-specific applicability, permitted inputs, access, split, evaluator and execution requirements need review before implementation or execution.","[]","[]","[""reported-dataset-034c60a2dabc73""]","[]","","[""part2-transbind-2026""]","",""
"paper-protocol-705c3995af4e74e425","SugarBase immunogenicity · Immuno (GlycanML immunogenicity prediction)","needs_review","[""discovery-benchmark-glycanml""]","null","selection_required","Select a task-valid null control after reviewing inputs and metric","editorial_selection_rule","not_reviewed","Protocol-specific applicability, permitted inputs, access, split, evaluator and execution requirements need review before implementation or execution.","[]","[]","[""paper-dataset-dfa9efa0038fe35cf1""]","[]","","[""expansion-p3-glycanml-2405-16206v1""]","",""
"paper-protocol-705c3995af4e74e425","SugarBase immunogenicity · Immuno (GlycanML immunogenicity prediction)","needs_review","[""discovery-benchmark-glycanml""]","conventional","selection_required","Select an upstream conventional reference after reviewing the full protocol","editorial_selection_rule","not_reviewed","Protocol-specific applicability, permitted inputs, access, split, evaluator and execution requirements need review before implementation or execution.","[]","[]","[""paper-dataset-dfa9efa0038fe35cf1""]","[]","","[""expansion-p3-glycanml-2405-16206v1""]","",""
"paper-protocol-7088bcc2f0033b8a29","Enzyme-pair functional identity: original held-out test (Enzyme functional identity prediction)","needs_review","[]","null","selection_required","Select a task-valid null control after reviewing inputs and metric","editorial_selection_rule","not_reviewed","Protocol-specific applicability, permitted inputs, access, split, evaluator and execution requirements need review before implementation or execution.","[]","[]","[""reported-dataset-5197cca532f89d""]","[]","","[""part2-fujisan-2024""]","",""
"paper-protocol-7088bcc2f0033b8a29","Enzyme-pair functional identity: original held-out test (Enzyme functional identity prediction)","needs_review","[]","conventional","selection_required","Select an upstream conventional reference after reviewing the full protocol","editorial_selection_rule","not_reviewed","Protocol-specific applicability, permitted inputs, access, split, evaluator and execution requirements need review before implementation or execution.","[]","[]","[""reported-dataset-5197cca532f89d""]","[]","","[""part2-fujisan-2024""]","",""
"paper-protocol-89b76bfabd1dfe31a6","UniProtSMB test split (protein-small molecule binding-site prediction)","needs_review","[]","null","selection_required","Training-set class prior where supervised fitting is permitted","editorial_selection_rule","not_reviewed","Protocol-specific applicability, permitted inputs, access, split, evaluator and execution requirements need review before implementation or execution.","[]","[]","[""paper-dataset-7ed13bec749f1e245b""]","[]","","[""clape-smb-2024""]","",""
"paper-protocol-89b76bfabd1dfe31a6","UniProtSMB test split (protein-small molecule binding-site prediction)","needs_review","[]","conventional","selection_required","Regularised classifier on simple permitted features, or protocol's conventional reference","editorial_selection_rule","not_reviewed","Protocol-specific applicability, permitted inputs, access, split, evaluator and execution requirements need review before implementation or execution.","[]","[]","[""paper-dataset-7ed13bec749f1e245b""]","[]","","[""clape-smb-2024""]","",""
"paper-protocol-8c192f6451f321879d","MassSpecGym · main (MassSpecGym Spectrum simulation)","needs_review","[""discovery-benchmark-massspecgym""]","null","selection_required","Select a task-valid null control after reviewing inputs and metric","editorial_selection_rule","not_reviewed","Protocol-specific applicability, permitted inputs, access, split, evaluator and execution requirements need review before implementation or execution.","[]","[]","[""paper-dataset-537c7d5a2018d12af3""]","[]","","[""part2-massspecgym-arxiv-v1""]","",""
"paper-protocol-8c192f6451f321879d","MassSpecGym · main (MassSpecGym Spectrum simulation)","needs_review","[""discovery-benchmark-massspecgym""]","conventional","selection_required","Select an upstream conventional reference after reviewing the full protocol","editorial_selection_rule","not_reviewed","Protocol-specific applicability, permitted inputs, access, split, evaluator and execution requirements need review before implementation or execution.","[]","[]","[""paper-dataset-537c7d5a2018d12af3""]","[]","","[""part2-massspecgym-arxiv-v1""]","",""
"paper-protocol-8dca9eabea26dee766","SugarBase taxonomy · Family (GlycanML taxonomy prediction)","needs_review","[""discovery-benchmark-glycanml""]","null","selection_required","Select a task-valid null control after reviewing inputs and metric","editorial_selection_rule","not_reviewed","Protocol-specific applicability, permitted inputs, access, split, evaluator and execution requirements need review before implementation or execution.","[]","[]","[""paper-dataset-8d5d79e4a6a070bfff""]","[]","","[""expansion-p3-glycanml-2405-16206v1""]","",""
"paper-protocol-8dca9eabea26dee766","SugarBase taxonomy · Family (GlycanML taxonomy prediction)","needs_review","[""discovery-benchmark-glycanml""]","conventional","selection_required","Select an upstream conventional reference after reviewing the full protocol","editorial_selection_rule","not_reviewed","Protocol-specific applicability, permitted inputs, access, split, evaluator and execution requirements need review before implementation or execution.","[]","[]","[""paper-dataset-8d5d79e4a6a070bfff""]","[]","","[""expansion-p3-glycanml-2405-16206v1""]","",""
"paper-protocol-94fa3494d41bcd98d2","E. coli sigma70 independent promoter test (E. coli sigma70 promoter prediction)","needs_review","[]","null","selection_required","Select a task-valid null control after reviewing inputs and metric","editorial_selection_rule","not_reviewed","Protocol-specific applicability, permitted inputs, access, split, evaluator and execution requirements need review before implementation or execution.","[]","[]","[""reported-dataset-48def1da574597""]","[]","","[""part2-prokbert-2024""]","",""
"paper-protocol-94fa3494d41bcd98d2","E. coli sigma70 independent promoter test (E. coli sigma70 promoter prediction)","needs_review","[]","conventional","selection_required","Select an upstream conventional reference after reviewing the full protocol","editorial_selection_rule","not_reviewed","Protocol-specific applicability, permitted inputs, access, split, evaluator and execution requirements need review before implementation or execution.","[]","[]","[""reported-dataset-48def1da574597""]","[]","","[""part2-prokbert-2024""]","",""
"paper-protocol-9e2c05cdecc9a3241c","MassSpecGym · main (MassSpecGym De novo molecule generation)","needs_review","[""discovery-benchmark-massspecgym""]","null","selection_required","Select a task-valid null control after reviewing inputs and metric","editorial_selection_rule","not_reviewed","Protocol-specific applicability, permitted inputs, access, split, evaluator and execution requirements need review before implementation or execution.","[]","[]","[""paper-dataset-c25f9f3bb2961b23d5""]","[]","","[""part2-massspecgym-arxiv-v1""]","",""
"paper-protocol-9e2c05cdecc9a3241c","MassSpecGym · main (MassSpecGym De novo molecule generation)","needs_review","[""discovery-benchmark-massspecgym""]","conventional","selection_required","Select an upstream conventional reference after reviewing the full protocol","editorial_selection_rule","not_reviewed","Protocol-specific applicability, permitted inputs, access, split, evaluator and execution requirements need review before implementation or execution.","[]","[]","[""paper-dataset-c25f9f3bb2961b23d5""]","[]","","[""part2-massspecgym-arxiv-v1""]","",""
"paper-protocol-9e3344661a0f282e5e","CASF-2016 docking (Protein–ligand binding affinity scoring)","needs_review","[]","null","selection_required","Protocol-specific valid geometric or structural control","editorial_selection_rule","not_reviewed","Protocol-specific applicability, permitted inputs, access, split, evaluator and execution requirements need review before implementation or execution.","[]","[]","[""paper-dataset-30865ab989a9b4a55d""]","[]","","[""akscore-2020""]","",""
"paper-protocol-9e3344661a0f282e5e","CASF-2016 docking (Protein–ligand binding affinity scoring)","needs_review","[]","conventional","selection_required","Upstream conventional structural reference with matched templates and cutoffs","editorial_selection_rule","not_reviewed","Protocol-specific applicability, permitted inputs, access, split, evaluator and execution requirements need review before implementation or execution.","[]","[]","[""paper-dataset-30865ab989a9b4a55d""]","[]","","[""akscore-2020""]","",""
"paper-protocol-a18b4bc79049513fb7","MassSpecGym · main (MassSpecGym Molecule retrieval)","needs_review","[""discovery-benchmark-massspecgym""]","null","selection_required","Select a task-valid null control after reviewing inputs and metric","editorial_selection_rule","not_reviewed","Protocol-specific applicability, permitted inputs, access, split, evaluator and execution requirements need review before implementation or execution.","[]","[]","[""paper-dataset-43f783b5d7a7151aa9""]","[]","","[""part2-massspecgym-arxiv-v1""]","",""
"paper-protocol-a18b4bc79049513fb7","MassSpecGym · main (MassSpecGym Molecule retrieval)","needs_review","[""discovery-benchmark-massspecgym""]","conventional","selection_required","Select an upstream conventional reference after reviewing the full protocol","editorial_selection_rule","not_reviewed","Protocol-specific applicability, permitted inputs, access, split, evaluator and execution requirements need review before implementation or execution.","[]","[]","[""paper-dataset-43f783b5d7a7151aa9""]","[]","","[""part2-massspecgym-arxiv-v1""]","",""
"paper-protocol-a67c6f1eaf73494953","SugarBase taxonomy · Phylum (GlycanML taxonomy prediction)","needs_review","[""discovery-benchmark-glycanml""]","null","selection_required","Select a task-valid null control after reviewing inputs and metric","editorial_selection_rule","not_reviewed","Protocol-specific applicability, permitted inputs, access, split, evaluator and execution requirements need review before implementation or execution.","[]","[]","[""paper-dataset-13c71587fb39174bb1""]","[]","","[""expansion-p3-glycanml-2405-16206v1""]","",""
"paper-protocol-a67c6f1eaf73494953","SugarBase taxonomy · Phylum (GlycanML taxonomy prediction)","needs_review","[""discovery-benchmark-glycanml""]","conventional","selection_required","Select an upstream conventional reference after reviewing the full protocol","editorial_selection_rule","not_reviewed","Protocol-specific applicability, permitted inputs, access, split, evaluator and execution requirements need review before implementation or execution.","[]","[]","[""paper-dataset-13c71587fb39174bb1""]","[]","","[""expansion-p3-glycanml-2405-16206v1""]","",""
"paper-protocol-a7bf3c8f6b432c3093","Protective-antigen classification feature comparison (vaccine-antigen candidate prediction)","needs_review","[]","null","selection_required","Training-set class prior where supervised fitting is permitted","editorial_selection_rule","not_reviewed","Protocol-specific applicability, permitted inputs, access, split, evaluator and execution requirements need review before implementation or execution.","[]","[]","[""paper-dataset-c1edd1f6f7e93d9f6e""]","[]","","[""part2-vaxign-esm-2024""]","",""
"paper-protocol-a7bf3c8f6b432c3093","Protective-antigen classification feature comparison (vaccine-antigen candidate prediction)","needs_review","[]","conventional","selection_required","Regularised classifier on simple permitted features, or protocol's conventional reference","editorial_selection_rule","not_reviewed","Protocol-specific applicability, permitted inputs, access, split, evaluator and execution requirements need review before implementation or execution.","[]","[]","[""paper-dataset-c1edd1f6f7e93d9f6e""]","[]","","[""part2-vaxign-esm-2024""]","",""
"paper-protocol-a8799c4d8546b3ff18","SugarBase taxonomy · Class (GlycanML taxonomy prediction)","needs_review","[""discovery-benchmark-glycanml""]","null","selection_required","Select a task-valid null control after reviewing inputs and metric","editorial_selection_rule","not_reviewed","Protocol-specific applicability, permitted inputs, access, split, evaluator and execution requirements need review before implementation or execution.","[]","[]","[""paper-dataset-f9b7538618a3e1ef5b""]","[]","","[""expansion-p3-glycanml-2405-16206v1""]","",""
"paper-protocol-a8799c4d8546b3ff18","SugarBase taxonomy · Class (GlycanML taxonomy prediction)","needs_review","[""discovery-benchmark-glycanml""]","conventional","selection_required","Select an upstream conventional reference after reviewing the full protocol","editorial_selection_rule","not_reviewed","Protocol-specific applicability, permitted inputs, access, split, evaluator and execution requirements need review before implementation or execution.","[]","[]","[""paper-dataset-f9b7538618a3e1ef5b""]","[]","","[""expansion-p3-glycanml-2405-16206v1""]","",""
"paper-protocol-a8c67b393443253db5","Natural versus GenomeOcean-generated DNA classification (Natural vs artificial microbial genome sequence)","needs_review","[]","null","selection_required","Protocol-valid abundance or assignment control","editorial_selection_rule","not_reviewed","Protocol-specific applicability, permitted inputs, access, split, evaluator and execution requirements need review before implementation or execution.","[]","[]","[""reported-dataset-0c3ac7efe99c37""]","[]","","[""part2-genomeocean-2025""]","",""
"paper-protocol-a8c67b393443253db5","Natural versus GenomeOcean-generated DNA classification (Natural vs artificial microbial genome sequence)","needs_review","[]","conventional","selection_required","Conventional reference-database method with pinned taxonomy/database","editorial_selection_rule","not_reviewed","Protocol-specific applicability, permitted inputs, access, split, evaluator and execution requirements need review before implementation or execution.","[]","[]","[""reported-dataset-0c3ac7efe99c37""]","[]","","[""part2-genomeocean-2025""]","",""
"paper-protocol-b51570e2bf69ba6542","SugarBase taxonomy · Domain (GlycanML taxonomy prediction)","needs_review","[""discovery-benchmark-glycanml""]","null","selection_required","Select a task-valid null control after reviewing inputs and metric","editorial_selection_rule","not_reviewed","Protocol-specific applicability, permitted inputs, access, split, evaluator and execution requirements need review before implementation or execution.","[]","[]","[""paper-dataset-ce710f303c24cb91c2""]","[]","","[""expansion-p3-glycanml-2405-16206v1""]","",""
"paper-protocol-b51570e2bf69ba6542","SugarBase taxonomy · Domain (GlycanML taxonomy prediction)","needs_review","[""discovery-benchmark-glycanml""]","conventional","selection_required","Select an upstream conventional reference after reviewing the full protocol","editorial_selection_rule","not_reviewed","Protocol-specific applicability, permitted inputs, access, split, evaluator and execution requirements need review before implementation or execution.","[]","[]","[""paper-dataset-ce710f303c24cb91c2""]","[]","","[""expansion-p3-glycanml-2405-16206v1""]","",""
"paper-protocol-b8acf180ccd3e67923","PDB (RNA secondary structure)","needs_review","[]","null","selection_required","Protocol-valid structural control","editorial_selection_rule","not_reviewed","Protocol-specific applicability, permitted inputs, access, split, evaluator and execution requirements need review before implementation or execution.","[]","[]","[""reported-dataset-8317793f18b026""]","[]","","[""bpfold-2025""]","",""
"paper-protocol-b8acf180ccd3e67923","PDB (RNA secondary structure)","needs_review","[]","conventional","selection_required","Thermodynamic folding with protocol-compatible input constraints","editorial_selection_rule","not_reviewed","Protocol-specific applicability, permitted inputs, access, split, evaluator and execution requirements need review before implementation or execution.","[]","[]","[""reported-dataset-8317793f18b026""]","[]","","[""bpfold-2025""]","",""
"paper-protocol-bbffa94da73852557b","Clathrin independent test: selected-embedding classifiers (clathrin protein classification)","needs_review","[]","null","selection_required","Training-set class prior where supervised fitting is permitted","editorial_selection_rule","not_reviewed","Protocol-specific applicability, permitted inputs, access, split, evaluator and execution requirements need review before implementation or execution.","[]","[]","[""paper-dataset-a1836de18515f3ab55""]","[]","","[""part2-clathrin-plm-2025""]","",""
"paper-protocol-bbffa94da73852557b","Clathrin independent test: selected-embedding classifiers (clathrin protein classification)","needs_review","[]","conventional","selection_required","Regularised classifier on simple permitted features, or protocol's conventional reference","editorial_selection_rule","not_reviewed","Protocol-specific applicability, permitted inputs, access, split, evaluator and execution requirements need review before implementation or execution.","[]","[]","[""paper-dataset-a1836de18515f3ab55""]","[]","","[""part2-clathrin-plm-2025""]","",""
"paper-protocol-be1c9eab950fb814ec","Pan_dataset five-fold PPI cross-validation (protein-protein interaction prediction)","needs_review","[]","null","selection_required","Select a task-valid null control after reviewing inputs and metric","editorial_selection_rule","not_reviewed","Protocol-specific applicability, permitted inputs, access, split, evaluator and execution requirements need review before implementation or execution.","[]","[]","[""paper-dataset-1de23e14845ef72241""]","[]","","[""part2-esm2-amp-2025""]","",""
"paper-protocol-be1c9eab950fb814ec","Pan_dataset five-fold PPI cross-validation (protein-protein interaction prediction)","needs_review","[]","conventional","selection_required","Select an upstream conventional reference after reviewing the full protocol","editorial_selection_rule","not_reviewed","Protocol-specific applicability, permitted inputs, access, split, evaluator and execution requirements need review before implementation or execution.","[]","[]","[""paper-dataset-1de23e14845ef72241""]","[]","","[""part2-esm2-amp-2025""]","",""
"paper-protocol-d2055666ed2da8d7d7","PDBbind-2016 core set (Protein–ligand binding affinity scoring)","needs_review","[]","null","selection_required","Protocol-specific valid geometric or structural control","editorial_selection_rule","not_reviewed","Protocol-specific applicability, permitted inputs, access, split, evaluator and execution requirements need review before implementation or execution.","[]","[]","[""paper-dataset-b882219f61119f515b""]","[]","","[""akscore-2020""]","",""
"paper-protocol-d2055666ed2da8d7d7","PDBbind-2016 core set (Protein–ligand binding affinity scoring)","needs_review","[]","conventional","selection_required","Upstream conventional structural reference with matched templates and cutoffs","editorial_selection_rule","not_reviewed","Protocol-specific applicability, permitted inputs, access, split, evaluator and execution requirements need review before implementation or execution.","[]","[]","[""paper-dataset-b882219f61119f515b""]","[]","","[""akscore-2020""]","",""
"paper-protocol-d44b40251c33ecbea1","SugarBase taxonomy · Genus (GlycanML taxonomy prediction)","needs_review","[""discovery-benchmark-glycanml""]","null","selection_required","Select a task-valid null control after reviewing inputs and metric","editorial_selection_rule","not_reviewed","Protocol-specific applicability, permitted inputs, access, split, evaluator and execution requirements need review before implementation or execution.","[]","[]","[""paper-dataset-df6da272a0a4d8de8f""]","[]","","[""expansion-p3-glycanml-2405-16206v1""]","",""
"paper-protocol-d44b40251c33ecbea1","SugarBase taxonomy · Genus (GlycanML taxonomy prediction)","needs_review","[""discovery-benchmark-glycanml""]","conventional","selection_required","Select an upstream conventional reference after reviewing the full protocol","editorial_selection_rule","not_reviewed","Protocol-specific applicability, permitted inputs, access, split, evaluator and execution requirements need review before implementation or execution.","[]","[]","[""paper-dataset-df6da272a0a4d8de8f""]","[]","","[""expansion-p3-glycanml-2405-16206v1""]","",""
"paper-protocol-d933438afda70a21ef","Human RNA 2OMe sites, independent test set (human RNA 2-prime-O-methylation site prediction)","needs_review","[]","null","selection_required","Select a task-valid null control after reviewing inputs and metric","editorial_selection_rule","not_reviewed","Protocol-specific applicability, permitted inputs, access, split, evaluator and execution requirements need review before implementation or execution.","[]","[]","[""paper-dataset-64b51e2f952f2c1c09""]","[]","","[""2ome-lm-2025""]","",""
"paper-protocol-d933438afda70a21ef","Human RNA 2OMe sites, independent test set (human RNA 2-prime-O-methylation site prediction)","needs_review","[]","conventional","selection_required","Select an upstream conventional reference after reviewing the full protocol","editorial_selection_rule","not_reviewed","Protocol-specific applicability, permitted inputs, access, split, evaluator and execution requirements need review before implementation or execution.","[]","[]","[""paper-dataset-64b51e2f952f2c1c09""]","[]","","[""2ome-lm-2025""]","",""
"paper-protocol-e8a1aa302bb8df1efd","ArchiveII (RNA secondary structure)","needs_review","[]","null","selection_required","Protocol-valid structural control","editorial_selection_rule","not_reviewed","Protocol-specific applicability, permitted inputs, access, split, evaluator and execution requirements need review before implementation or execution.","[]","[]","[""paper-dataset-be2c18a91718ba4592""]","[]","","[""bpfold-2025""]","",""
"paper-protocol-e8a1aa302bb8df1efd","ArchiveII (RNA secondary structure)","needs_review","[]","conventional","selection_required","Thermodynamic folding with protocol-compatible input constraints","editorial_selection_rule","not_reviewed","Protocol-specific applicability, permitted inputs, access, split, evaluator and execution requirements need review before implementation or execution.","[]","[]","[""paper-dataset-be2c18a91718ba4592""]","[]","","[""bpfold-2025""]","",""
"paper-protocol-e914e4149f3b3c8185","LectinOracle interaction · Interaction (GlycanML protein-glycan interaction prediction)","needs_review","[""discovery-benchmark-glycanml""]","null","selection_required","Select a task-valid null control after reviewing inputs and metric","editorial_selection_rule","not_reviewed","Protocol-specific applicability, permitted inputs, access, split, evaluator and execution requirements need review before implementation or execution.","[]","[]","[""paper-dataset-cc0cb44a535d3e0e7a""]","[]","","[""expansion-p3-glycanml-2405-16206v1""]","",""
"paper-protocol-e914e4149f3b3c8185","LectinOracle interaction · Interaction (GlycanML protein-glycan interaction prediction)","needs_review","[""discovery-benchmark-glycanml""]","conventional","selection_required","Select an upstream conventional reference after reviewing the full protocol","editorial_selection_rule","not_reviewed","Protocol-specific applicability, permitted inputs, access, split, evaluator and execution requirements need review before implementation or execution.","[]","[]","[""paper-dataset-cc0cb44a535d3e0e7a""]","[]","","[""expansion-p3-glycanml-2405-16206v1""]","",""
"paper-protocol-efe21a629d215d8f9a","COACH420, trained on CHEN11 (protein-small molecule binding-site prediction)","needs_review","[]","null","selection_required","Training-set class prior where supervised fitting is permitted","editorial_selection_rule","not_reviewed","Protocol-specific applicability, permitted inputs, access, split, evaluator and execution requirements need review before implementation or execution.","[]","[]","[""paper-dataset-d71026cdf5608821b0""]","[]","","[""clape-smb-2024""]","",""
"paper-protocol-efe21a629d215d8f9a","COACH420, trained on CHEN11 (protein-small molecule binding-site prediction)","needs_review","[]","conventional","selection_required","Regularised classifier on simple permitted features, or protocol's conventional reference","editorial_selection_rule","not_reviewed","Protocol-specific applicability, permitted inputs, access, split, evaluator and execution requirements need review before implementation or execution.","[]","[]","[""paper-dataset-d71026cdf5608821b0""]","[]","","[""clape-smb-2024""]","",""
"paper-protocol-f6058db65ace02f920","SugarBase taxonomy · Mean Acc (GlycanML taxonomy prediction)","needs_review","[""discovery-benchmark-glycanml""]","null","selection_required","Select a task-valid null control after reviewing inputs and metric","editorial_selection_rule","not_reviewed","Protocol-specific applicability, permitted inputs, access, split, evaluator and execution requirements need review before implementation or execution.","[]","[]","[""paper-dataset-3b08dc110e25f5011e""]","[]","","[""expansion-p3-glycanml-2405-16206v1""]","",""
"paper-protocol-f6058db65ace02f920","SugarBase taxonomy · Mean Acc (GlycanML taxonomy prediction)","needs_review","[""discovery-benchmark-glycanml""]","conventional","selection_required","Select an upstream conventional reference after reviewing the full protocol","editorial_selection_rule","not_reviewed","Protocol-specific applicability, permitted inputs, access, split, evaluator and execution requirements need review before implementation or execution.","[]","[]","[""paper-dataset-3b08dc110e25f5011e""]","[]","","[""expansion-p3-glycanml-2405-16206v1""]","",""
"paper-protocol-fb9190db65a5f72e10","SugarBase taxonomy · Order (GlycanML taxonomy prediction)","needs_review","[""discovery-benchmark-glycanml""]","null","selection_required","Select a task-valid null control after reviewing inputs and metric","editorial_selection_rule","not_reviewed","Protocol-specific applicability, permitted inputs, access, split, evaluator and execution requirements need review before implementation or execution.","[]","[]","[""paper-dataset-4298ac38e85e6f8048""]","[]","","[""expansion-p3-glycanml-2405-16206v1""]","",""
"paper-protocol-fb9190db65a5f72e10","SugarBase taxonomy · Order (GlycanML taxonomy prediction)","needs_review","[""discovery-benchmark-glycanml""]","conventional","selection_required","Select an upstream conventional reference after reviewing the full protocol","editorial_selection_rule","not_reviewed","Protocol-specific applicability, permitted inputs, access, split, evaluator and execution requirements need review before implementation or execution.","[]","[]","[""paper-dataset-4298ac38e85e6f8048""]","[]","","[""expansion-p3-glycanml-2405-16206v1""]","",""
"rewire-mfass-v1","MFASS v1 (superseded)","superseded","[]","null","historical","Training-set class prior where supervised fitting is permitted","editorial_selection_rule","not_reviewed","Superseded protocol: retain history; do not start new runs.","[]","[]","[]","[]","","[""evidence-benchmark-mfass-pinned-readme"",""evidence-expansion-mfass-readme-62a93814"",""rewire-mfass-v2-source""]","",""
"rewire-mfass-v1","MFASS v1 (superseded)","superseded","[]","conventional","historical","Regularised classifier on simple permitted features, or protocol's conventional reference","editorial_selection_rule","not_reviewed","Superseded protocol: retain history; do not start new runs.","[]","[]","[]","[]","","[""evidence-benchmark-mfass-pinned-readme"",""evidence-expansion-mfass-readme-62a93814"",""rewire-mfass-v2-source""]","",""
"rewire-mfass-v2","MFASS v2","source_checked","[]","null","selection_required","Training-set class prior where supervised fitting is permitted","editorial_selection_rule","not_reviewed","Protocol-specific applicability, permitted inputs, access, split, evaluator and execution requirements need review before implementation or execution.","[]","[]","[""rewire-mfass-v2-dataset""]","[]","","[""evidence-benchmark-mfass-pinned-readme"",""evidence-expansion-mfass-readme-62a93814"",""rewire-mfass-v2-source"",""run-doc-mfass-pyproject-toml-68d1ee53"",""run-doc-mfass-readme-md-68d1ee53"",""runner-recipe-docs-hpc-md-f80cef7f"",""runner-recipe-docs-mfass-md-f80cef7f"",""runner-recipe-docs-sdk-md-f80cef7f"",""runner-recipe-packages-rewirebench-src-rewirebench-adapters-mfass-py-f80cef7f"",""runner-recipe-packages-rewirebench-src-rewirebench-protocols-mfass-py-f80cef7f""]","",""
"rewire-mfass-v2","MFASS v2","source_checked","[]","conventional","measured","Corrected k-mer / position baseline","reviewed_evaluation","existing_release_evidence","","[""rewire-evaluation-baseline-kmer-position-v2""]","[""rewire-result-baseline-kmer-position-v2-auroc"",""rewire-result-baseline-kmer-position-v2-average-precision"",""rewire-result-baseline-kmer-position-v2-precision-at-100""]","[""rewire-mfass-v2-dataset""]","[""rewire-mfass-v2-baseline-upstream-source"",""rewire-mfass-v2-source"",""runner-recipe-docs-mfass-md-f80cef7f"",""runner-recipe-packages-rewirebench-src-rewirebench-protocols-mfass-py-f80cef7f""]","benchmarks/mfass/results/baseline-kmer-position-v2.json at bee9133b83f3aedaf2bbb9013f1875515845607e; existing release results and corrected split-v2","[""evidence-benchmark-mfass-pinned-readme"",""evidence-expansion-mfass-readme-62a93814"",""rewire-mfass-v2-source"",""run-doc-mfass-pyproject-toml-68d1ee53"",""run-doc-mfass-readme-md-68d1ee53"",""runner-recipe-docs-hpc-md-f80cef7f"",""runner-recipe-docs-mfass-md-f80cef7f"",""runner-recipe-docs-sdk-md-f80cef7f"",""runner-recipe-packages-rewirebench-src-rewirebench-adapters-mfass-py-f80cef7f"",""runner-recipe-packages-rewirebench-src-rewirebench-protocols-mfass-py-f80cef7f""]","Recorded evaluation only; consult coverage and source artifacts",""
"rewire-proteingym-v1-3-dms-substitutions","ProteinGym v1.3 zero-shot DMS substitutions","source_checked","[""discovery-benchmark-proteingym""]","null","selection_required","Protocol-valid seeded random ranking; no fitting on assay labels","editorial_selection_rule","not_reviewed","Protocol-specific applicability, permitted inputs, access, split, evaluator and execution requirements need review before implementation or execution.","[]","[]","[]","[]","","[""runner-recipe-docs-hpc-md-f80cef7f"",""runner-recipe-docs-proteingym-md-f80cef7f"",""runner-recipe-docs-sdk-md-f80cef7f"",""runner-recipe-packages-rewirebench-src-rewirebench-adapters-esm-py-f80cef7f"",""runner-recipe-packages-rewirebench-src-rewirebench-protocols-proteingym-py-f80cef7f""]","",""
"rewire-proteingym-v1-3-dms-substitutions","ProteinGym v1.3 zero-shot DMS substitutions","source_checked","[""discovery-benchmark-proteingym""]","conventional","selection_required","Established label-free reference with explicitly permitted sequence/MSA inputs","editorial_selection_rule","not_reviewed","Protocol-specific applicability, permitted inputs, access, split, evaluator and execution requirements need review before implementation or execution.","[]","[]","[]","[]","","[""runner-recipe-docs-hpc-md-f80cef7f"",""runner-recipe-docs-proteingym-md-f80cef7f"",""runner-recipe-docs-sdk-md-f80cef7f"",""runner-recipe-packages-rewirebench-src-rewirebench-adapters-esm-py-f80cef7f"",""runner-recipe-packages-rewirebench-src-rewirebench-protocols-proteingym-py-f80cef7f""]","",""
